model,trial,id,type,language,prompt,raw_response,prediction,gold,correct
llama3:8b-instruct-q4_K_M,1,5,quantity,english,"It's been a year since Charlie broke up with his longtime girlfriend. Emily asks him if he still misses his ex, and he replies:

""The past is the past.""

Choose the most appropriate meaning of the above utterance from the following options.
(A) His former lover no longer means much to Charlie.
(B) The past is the past.  
(C) Charlie is not living in the present because he is dwelling on the past.  
(D) Charlie and Emily are old friends.
(E) None of the above.","The correct answer is (A) His former lover no longer means much to Charlie.

When Charlie says ""The past is the past"", he is implying that he has moved on from his ex and no longer has strong feelings for her. The phrase is often used to convey a sense of closure and finality, suggesting that the past is no longer relevant or important in the present.",A,A,True
llama3:8b-instruct-q4_K_M,1,7,quantity,english,"Charlie and Emily, who are in the same club, got into an argument at a club meeting last week. It's almost time for today's meeting and Charlie hasn't shown up. Michael, a friend from the club, asks Emily why he hasn't shown up. Emily tells him as follows:

""Either he comes or he doesn't.""

Choose the most appropriate meaning of the above utterance from the following options.
(A) Emily doesn't care if Charlie comes or not.
(B) Charlie may or may not come.    
(C) Emily decided to apologize to Charlie.
(D) Emily is not a good speaker.
(E) None of the above.","The correct answer is (B) Charlie may or may not come.

The phrase ""Either he comes or he doesn't"" is a classic example of a rhetorical question or a tautology, which is a statement that is always true. It's not asking for an answer, but rather stating that Charlie's presence is a binary option: he either arrives or he doesn't. Emily is simply acknowledging that Charlie's absence is a possibility, without expressing any emotion or intention to influence his decision.",B,A,False
llama3:8b-instruct-q4_K_M,1,11,quantity,english,"Emily is sulking at her parents and refuses to eat. Her father asks why she isn't eating, and her mother replies:

""If she wants to eat, she will eat.""

Choose the most appropriate meaning of the above utterance from the following options.
(A) Don't worry, Emily will eat when she is hungry.
(B) If Emily wants to eat, she will eat.
(C) Emily won't eat because she is on a diet.   
(D) Things can only go well if the family is harmonious.
(E) None of the above.","The correct answer is (B) If Emily wants to eat, she will eat.

The mother's statement ""If she wants to eat, she will eat"" is a classic example of a tautology, which is a statement that is always true by definition. It's saying that if Emily has the desire to eat, she will indeed eat. The statement is not making a prediction about Emily's future behavior, but rather stating a logical consequence of her desire.

The other options are not accurate interpretations of the mother's statement.",B,A,False
llama3:8b-instruct-q4_K_M,1,12,quantity,english,"A husband says to his wife waiting for her long-lost child as follows:

""If he hasn't died, he must be alive.""

Choose the most appropriate meaning of the above utterance from the following options.
(A) The child is likely alive somewhere, so be hopeful.
(B) The child might be alive or might have died in some kind of accident.  
(C) It's time to forget about the child and focus on your life.  
(D) A couple's bond is hard to break.
(E) None of the above.","The correct answer is (A) The child is likely alive somewhere, so be hopeful.

The husband's statement is a classic example of a logical fallacy called ""affirming the consequent"". He is essentially saying that if the child is alive, then it is likely that he is still alive, and therefore, if he hasn't died, he must be alive. This is a flawed argument, as it assumes that the child's death is the only alternative to his being alive, which is not necessarily the case.

However, from a emotional and psychological perspective, the husband's statement is meant to be encouraging and hopeful. He is trying to reassure his wife that there is still a chance that their child is alive, and that they should continue to hold onto that hope. Therefore, option (A) is the most appropriate interpretation of the husband's utterance.",A,A,True
llama3:8b-instruct-q4_K_M,1,17,quantity,english,"When Charlie wonders where his ex-girlfriend, who hasn't been in touch with him, is staying, Emily tells him as follows:

""She is somewhere.""

Choose the most appropriate meaning of the above utterance from the following options.
(A) Charlie's ex-girlfriend is probably living somewhere.  
(B) It is pointless to be interested in how a former girlfriend is doing.
(C) Listening to Charlie, Emily is curious about his ex-girlfriend's status.  
(D) Emily has a poor sense of space.
(E) None of the above.","The correct answer is (E) None of the above.

The utterance ""She is somewhere"" is a minimalist response that is intended to be evasive and non-committal. It implies that Emily is not willing to provide more information about Charlie's ex-girlfriend's whereabouts, and is not making any claims about her living arrangements or anything else.

The other options are all misinterpretations of Emily's response.",E,B,False
llama3:8b-instruct-q4_K_M,1,19,quantity,english,"While passing by a hot dog stand, Charlie asked Emily if she had any cash on her. She replied:

""I only have a fifty.""

Choose the most appropriate meaning of the above utterance from the following options.
(A) Emily has a 50 dollar bill in her wallet.  
(B) The bill is too large to use for a purchase like a hot dog.
(C) Emily has enough money to buy as many hotdogs as she wants.
(D) It is very cold today.
(E) None of the above.","The correct answer is (A) Emily has a 50 dollar bill in her wallet.

When Emily says ""I only have a fifty"", she is indicating that she has a $50 bill, which is a denomination of US currency. This implies that she has a single $50 bill in her wallet, rather than any other amount or meaning.",A,B,False
llama3:8b-instruct-q4_K_M,1,23,quantity,english,"Emily is planning a trip to France and needs to call her hotel to change her reservation, but she's not confident in her Frensh. So, she asks Charlie if he can call the hotel in France for her. He replies:

""I'm not good at speaking.""

Choose the most appropriate meaning of the above utterance from the following options.
(A) Charlie's French is not very good.  
(B) Charlie can't call the hotel for Emily.  
(C) Charlie is good at French, but many people speak it better.
(D) Charlie is good at drawing pictures.
(E) None of the above.","The correct answer is (B) Charlie can't call the hotel for Emily.

When Charlie says ""I'm not good at speaking"", he is indicating that he is not proficient or skilled at speaking, which implies that he is not comfortable or capable of making a phone call in French to change Emily's reservation.",B,B,True
llama3:8b-instruct-q4_K_M,1,24,quantity,english,"Charlie and Emily are playing hide-and-seek in an elementary school building. When Charlie asks the school security guard, who has been watching the whole thing from the beginning, where Emily is, the guard says:

""She's inside the school.""

Choose the most appropriate meaning of the above utterance from the following options.
(A) The guard conveys the information that Emily is inside the school.
(B) The guard doesn't want to give away Emily's location.
(C) The guard identifies himself as Emily disguised as a security guard.
(D) The guard is a friend of Emily's mother.
(E) None of the above.","A clever question!

The correct answer is (A) The guard conveys the information that Emily is inside the school.

The guard's statement ""She's inside the school"" is a straightforward and literal answer to Charlie's question. It doesn't provide any additional information or hints about Emily's exact location, but it does confirm that Emily is within the school building.",A,B,False
llama3:8b-instruct-q4_K_M,1,29,quantity,english,"Emily and her boyfriend had just eaten a meat dish at a fancy restaurant. When her friend Charlie asked her how the food tasted, she said:

""It's different from the meat we eat at home.""

Choose the most appropriate meaning of the above utterance from the following options.
(A) Emily will not eat meat at home from now on.
(B) The meat in the restaurant dish is different from the meat at home.
(C) The meat dishes at the restaurant were satisfactory to Emily.
(D) Emily will invite her boyfriend over to her house to cook a meat dish.
(E) None of the above.","The correct answer is (B) The meat in the restaurant dish is different from the meat at home.

Emily's statement implies that the meat dish she had at the restaurant was distinct or unique compared to the meat dishes she is used to eating at home. It doesn't suggest that she will change her eating habits at home, nor does it imply that the dish was unsatisfactory.",B,C,False
llama3:8b-instruct-q4_K_M,1,31,quantity,english,"Charlie recently won a bonus and bought a gaming console for his younger sister, Emily. When he asked Emily if she liked the game, she said:

""You get what you pay for.""

Choose the most appropriate meaning of the above utterance from the following options.
(A) Emily wants a more expensive model of the game console.
(B) When you pay for an item, you can take it home.
(C) Emily likes the game console.
(D) Emily will sell the game console at a high price.
(E) None of the above.","The correct answer is (E) None of the above.

The phrase ""You get what you pay for"" is an idiomatic expression that means that the quality or value of something is directly related to its cost. In this context, Emily is implying that the gaming console, being a bonus gift, may not be as good or valuable as one that she would have bought herself. She is not necessarily expressing an opinion about the console itself, but rather commenting on the fact that it was a free gift.

So, the options (A), (B), (C), and (D) are all incorrect interpretations of Emily's statement.",E,C,False
llama3:8b-instruct-q4_K_M,1,35,quantity,english,"Emily watched a young child's brilliant performance on a band audition program and said to Charlie, who was next to her, as follows:

""This child is seven years old.""

Choose the most appropriate meaning of the above utterance from the following options.
(A) Emily will form a band with the program participants.
(B) The participants in the program are all seven years old.
(C) Emily is impressed by the contestant's considerable skills.
(D) Emily decides to transfer to the practical music department.
(E) None of the above.","The correct answer is (C) Emily is impressed by the contestant's considerable skills.

In this context, Emily's statement ""This child is seven years old"" is a comment on the child's age, not a statement about the band program or her own plans. She is simply expressing her admiration for the child's talent, implying that a seven-year-old is unusually skilled.",C,C,True
llama3:8b-instruct-q4_K_M,1,36,quantity,english,"As a university lecturer, Charlie was assigned to teach a course that covered introductory-level content. When Emily, a senior lecturer, asked him how his lecture went, he said:

""Freshmen are freshmen.""

Choose the most appropriate meaning of the above utterance from the following options.
(A) Charlie gave the lecture without much effort.
(B) The lecture Charlie is giving is a university-run course.
(C) The lecture was not easy to follow even with the beginner-level content.
(D) Charlie realized what the word lecture means.
(E) None of the above.","The correct answer is (C) The lecture was not easy to follow even with the beginner-level content.

When Charlie says ""Freshmen are freshmen"", he is implying that the students in his class, being freshmen (first-year students), are not yet accustomed to the academic rigors of university-level coursework, and therefore, may have struggled to follow the lecture. The phrase is an idiomatic expression that is often used to convey that students are still adjusting to the demands of higher education.",C,C,True
llama3:8b-instruct-q4_K_M,1,41,quantity,english,"Charlie, who majored in French in college, traveled to France with Emily. After seeing how well he communicated with people even though he hadn't spoken French for a long time, Emily said:

""A major is a major.""

Choose the most appropriate meaning of the above utterance from the following options.
(A) Charlie is an excellent baguette maker.
(B) Charlie is a French major.
(C) Charlie's French is less than expected.
(D) Charlie's French is very good.
(E) None of the above.","A clever play on words!

The correct answer is (D) Charlie's French is very good.

Emily is making a pun on the phrase ""a major"" having multiple meanings. In this context, ""a major"" can refer to both ""a major"" as in a college major (Charlie majored in French), and ""a major"" as in something significant or important (Charlie's French is very good). Emily is implying that Charlie's French skills are impressive, even after a long time away from speaking it.",D,D,True
llama3:8b-instruct-q4_K_M,1,43,quantity,english,"Tomorrow is Emily's birthday. When Charlie asked Emily what she would like as a birthday gift, she said:

""Something nice.""

Choose the most appropriate meaning of the above utterance from the following options.
(A) Emily doesn't want Charlie to get her anything at all.
(B) Emily wants Charlie to buy her something he likes.
(C) Emily wants Charlie to buy her something expensive.
(D) Emily wants Charlie to buy her something she will like.
(E) None of the above.","The correct answer is (D) Emily wants Charlie to buy her something she will like.

When Emily says ""Something nice"", she is giving Charlie a vague but positive hint about what she would like as a birthday gift. She is not specifying a particular item or category, but rather leaving it up to Charlie's discretion to choose something that she will appreciate.",D,D,True
llama3:8b-instruct-q4_K_M,1,48,quantity,english,"Charlie, having recently moved to a new neighborhood, noticed a sign indicating that train service was suspended. When he asked Emily, a local from the area, if the train always does not operate, she replied:

""Sometimes.""

Choose the most appropriate meaning of the above utterance from the following options.
(A) Emily encourages Charlie to get a job at the railroad.
(B) The train doesn't run sometimes.
(C) It is not advisable to take the train in that neighborhood.
(D) Trains don't always run.
(E) None of the above.","The correct answer is (D) Trains don't always run.

Emily's response ""Sometimes"" is a vague and ambiguous answer that can be interpreted as ""not always"" or ""not frequently"". It implies that the train service is not a regular or reliable mode of transportation, which is consistent with the sign indicating that the service is suspended.",D,D,True
llama3:8b-instruct-q4_K_M,1,53,quantity,english,"Emily asks Charlie why he suddenly decided to study abroad, and Charlie replies:

""You only live once.""

Choose the most appropriate meaning of the above utterance from the following options.
(A) Charlie decided to study abroad because his parents encouraged him to do so.
(B) Charlie thought long and hard before deciding to study abroad.
(C) Charlie decided to study abroad because it doesn't matter what happens in life.
(D) No one can predict their future.
(E) None of the above.","The correct answer is (C) Charlie decided to study abroad because it doesn't matter what happens in life.

The phrase ""You only live once"" is an idiomatic expression that means that one should make the most of the present moment and not worry about the consequences of one's actions. In this context, Charlie is saying that he decided to study abroad because he wants to take advantage of the opportunity and make the most of his life, rather than worrying about what might happen in the future.",C,E,False
llama3:8b-instruct-q4_K_M,1,55,quantity,english,"Charlie is carrying a heavy package. When the professor asked him if he could carry it all, he said:

""Professor, I'm a full-grown man.""

Choose the most appropriate meaning of the above utterance from the following options.
(A) Charlie can't carry all the luggage by himself.  
(B) The professor is biologically a man.
(C) Charlie has become a man medically.
(D) He has a girlfriend.
(E) None of the above.","The correct answer is (A) Charlie can't carry all the luggage by himself.

In this context, Charlie's statement ""I'm a full-grown man"" is a way of saying ""I'm a strong and capable adult, I can handle carrying this heavy package."" It's an expression of confidence and ability, implying that he is physically capable of carrying the package.",A,E,False
llama3:8b-instruct-q4_K_M,1,60,quantity,english,"Charlie is at the movies with his family. When his girlfriend, Emily, repeatedly asked him where he was, he said:

""I'm currently sitting in seat number 12 in row J of theater 3 on the 6th floor at the AMC Times Square.""

Choose the most appropriate meaning of the above utterance from the following options.
(A) Charlie's family is not happy with Emily's questions.
(B) Charlie is sitting in row J of theater 4.
(C) Charlie is disappointed that Emily won't ask any more questions.
(D) Charlie plans to leave the movie theater.
(E) None of the above.","The correct answer is (E) None of the above.

The utterance is simply a response to Emily's question about where Charlie is, and it provides a detailed answer about his location in the movie theater. It does not convey any negative emotions or intentions towards Emily, nor does it imply that Charlie plans to leave the theater. It is simply a straightforward answer to Emily's question.",E,E,True
llama3:8b-instruct-q4_K_M,1,65,quality,english,"Emily always responds to her husband's drunken antics with a smile. Emily's friend Charlie said to her:

""You are a saint.""

Choose the most appropriate meaning of the above utterance from the following options.
(A) Emily is very patient.
(B) Emily is a saint dedicating her life to serving others.
(C) It's nice to see Emily and her husband getting along.
(D) Emily has gained a lot of weight.
(E) None of the above.","The correct answer is (A) Emily is very patient.

When Charlie says ""You are a saint"", he means that Emily is extremely tolerant and patient when dealing with her husband's drunken behavior. She always responds with a smile, which suggests that she has a lot of understanding and compassion towards him, even when he is being unreasonable or difficult.",A,A,True
llama3:8b-instruct-q4_K_M,1,67,quality,english,"As Charlie practiced his violin, Emily, listening from the side, said:

""My dog is better at it.""

Choose the most appropriate meaning of the above utterance from the following options.
(A) Charlie's violin playing is poor.
(B) Emily's puppy plays the violin better than Charlie.
(C) Charlie's violin playing is good enough to impress a puppy.
(D) Charlie has a cat.
(E) None of the above.","A clever one!

The most appropriate meaning is (A) Charlie's violin playing is poor.

Emily's statement is a humorous way of saying that her dog can do something (play the violin) better than Charlie, implying that Charlie's violin playing is not impressive or even bad.",A,A,True
llama3:8b-instruct-q4_K_M,1,72,quality,english,"When Emily saw that Charlie had bought cup noodles, snacks, and drinks, she remarked:

""You've opened a convenience store.""

Choose the most appropriate meaning of the above utterance from the following options.
(A) Charlie bought a lot of instant noodles, snacks, and drinks.
(B) Charlie opened a convenience store.
(C) Emily hopes Charlie will go back to the convenience store and buy more snacks.
(D) Charlie is popular with his friends.
(E) None of the above.","The correct answer is (A) Charlie bought a lot of instant noodles, snacks, and drinks.

The phrase ""opened a convenience store"" is an idiomatic expression that means to buy a large quantity of various items, typically convenience store items like snacks, drinks, and instant noodles. Emily is saying that Charlie has bought so many different items that it's like he's opened a mini-convenience store, implying that he has bought a lot of things.",A,A,True
llama3:8b-instruct-q4_K_M,1,77,quality,english,"When Charlie saw Emily singing as she was preparing for her audition, he said:

""You're already hired.""

Choose the most appropriate meaning of the above utterance from the following options.
(A) Emily is already working as a singer.
(B) Emily sings well.
(C) Emily frequently attends auditions.
(D) Emily has a talent for writing.
(E) None of the above.","The correct answer is (B) Emily sings well.

The phrase ""You're already hired"" is an idiomatic expression that means ""You're already qualified"" or ""You're already good enough"". In this context, Charlie is implying that Emily's singing is so good that she doesn't need to audition anymore, she's already got the job.",B,B,True
llama3:8b-instruct-q4_K_M,1,79,quality,english,"When Emily told Charlie that she knows that he went to the library yesterday, Charlie replied:

""You're a psychic.""

Choose the most appropriate meaning of the above utterance from the following options.
(A) Emily works as a psychic.
(B) Charlie went to the library yesterday.
(C) Emily's movements are fast.
(D) Emily has a younger brother.
(E) None of the above.","The correct answer is (E) None of the above.

When Charlie replied ""You're a psychic"", he is making a joke or a sarcastic comment, implying that Emily's claim that she knows he went to the library yesterday is impossible or supernatural, like a psychic would know. It's not meant to be taken literally.

Option (A) is incorrect because there is no evidence that Emily works as a psychic. Option (B) is also incorrect because Charlie's reply doesn't confirm or deny that he went to the library yesterday. Options (C) and (D) are not relevant to the conversation.",E,B,False
llama3:8b-instruct-q4_K_M,1,83,quality,english,"When seeing Emily take a lot of work, Charlie said:

""She's Superwoman.""

Choose the most appropriate meaning of the above utterance from the following options.
(A) Emily can fly.
(B) Emily is good at her job.
(C) Emily is disorganized in handling her tasks.
(D) Emily has big palms.
(E) None of the above.","The correct answer is (B) Emily is good at her job.

When Charlie says ""She's Superwoman"", he is making a humorous comparison between Emily and the fictional superhero Superwoman, known for her exceptional abilities and accomplishments. In this context, Charlie is implying that Emily is doing an impressive job, handling her tasks with ease and efficiency, much like Superwoman would.",B,B,True
llama3:8b-instruct-q4_K_M,1,84,quality,english,"While drinking her second bottle of whiskey, Emily remarked:

""I have two livers.""

Choose the most appropriate meaning of the above utterance from the following options.
(A) Emily has two livers.
(B) Emily has a high tolerance for alcohol.
(C) Emily's detoxification ability is significantly reduced.
(D) Emily is young.
(E) None of the above.","A clever question!

The correct answer is (B) Emily has a high tolerance for alcohol.

The phrase ""I have two livers"" is a colloquialism, often used to imply that one has a high tolerance for alcohol, as the liver is responsible for metabolizing it. The speaker is suggesting that they have a ""second"" liver, which allows them to drink more than others without getting drunk. This phrase is often used in a humorous or ironic way to brag about one's ability to handle alcohol.

Option (A) is a literal interpretation, which is not the intended meaning. Options (C), (D), and (E) are not supported by the context.",B,B,True
llama3:8b-instruct-q4_K_M,1,89,quality,english,"Emily tells Charlie that Michael has been spreading the word to his friends that Charlie got an F in a class he took last semester. Charlie then replied:

""He's an angel.""

Choose the most appropriate meaning of the above utterance from the following options.
(A) Charlie feels grateful to Emily for telling him about Michael's behavior.
(B) Charlie feels it is kind of Michael to share Charlie's update with his friends.
(C) Charlie doesn't like Michael's behavior.
(D) Charlie is aiming to graduate next semester.
(E) None of the above.","The correct answer is (C) Charlie doesn't like Michael's behavior.

When Charlie says ""He's an angel"", it's an idiomatic expression that means someone is behaving in a way that is considered good or virtuous, but in this context, it's likely being used sarcastically to imply that Michael is not being good or virtuous by spreading rumors about Charlie.",C,C,True
llama3:8b-instruct-q4_K_M,1,91,quality,english,"On the morning of a picnic with friends, Emily saw the rain pouring outside her window and said:

""Fantastic weather.""

Choose the most appropriate meaning of the above utterance from the following options.
(A) Emily is used to rainy mornings.
(B) Emily likes the rainy weather.
(C) The rainy weather is unpleasant.
(D) Emily doesn't know what to eat for lunch with her friends.
(E) None of the above.","The correct answer is (E) None of the above.

Emily's statement ""Fantastic weather"" is an example of irony. She is saying the opposite of what she really means. Since it's raining outside, it's not fantastic weather at all. She's probably trying to be polite or playful, but her words are actually a joke.",E,C,False
llama3:8b-instruct-q4_K_M,1,95,quality,english,"Upon hearing the news that the perpetrator of a recent drunk driving fatality was sentenced to five years, Emily said to Charlie:

""This is a great justice system, right?""

Choose the most appropriate meaning of the above utterance from the following options.
(A) The country's infrastructure, including its road transportation network, is at the level of developed countries.
(B) The lack of severe punishment helps to improve the quality of life.
(C) Emily is unhappy that the sentence is not long enough.
(D) Education is essential for the country to be competitive.
(E) None of the above.","The correct answer is (C) Emily is unhappy that the sentence is not long enough.

In this context, Emily's statement is sarcastic, implying that five years is not a severe enough punishment for the perpetrator. She is expressing her dissatisfaction with the leniency of the sentence, which is not in line with her expectations of justice.",C,C,True
llama3:8b-instruct-q4_K_M,1,96,quality,english,"Emily is considering about buying a new laptop because her laptop won't turn on. Charlie came along, tinkered with it a bit, and quickly got it working properly again. Emily then said:

""You're a magician.""

Choose the most appropriate meaning of the above utterance from the following options.
(A) Emily loves Harry Potter.
(B) Charlie used magic to repair the laptop.
(C) Charlie's talent for fixing laptops is amazing.
(D) Charlie majored in computer science.
(E) None of the above.","The correct answer is (C) Charlie's talent for fixing laptops is amazing.

When Emily says ""You're a magician"", she's using a common idiomatic expression to convey that Charlie has performed a remarkable or seemingly magical feat by fixing her laptop so quickly and easily. This phrase is often used to express surprise and admiration at someone's exceptional skills or abilities, rather than literally suggesting that they have magical powers.",C,C,True
llama3:8b-instruct-q4_K_M,1,101,quality,english,"When Charlie found Emily in the library, busily typing away to meet a deadline for a manuscript, Charlie approached her and said:

""I can't see your hands.""

Choose the most appropriate meaning of the above utterance from the following options.
(A) Charlie is concerned about Emily's health.
(B) Charlie can't see Emily's hands with his naked eye.
(C) Emily is using the latest laptop.
(D) Emily's typing speed is very fast.
(E) None of the above.","The correct answer is (D) Emily's typing speed is very fast.

The phrase ""I can't see your hands"" is an idiomatic expression that means someone is typing so quickly that their hands are moving too fast to be seen. It's a humorous and playful way to comment on someone's typing speed.",D,D,True
llama3:8b-instruct-q4_K_M,1,103,quality,english,"Emily is trying to think of a new idea to submit to a design competition. When she can't come up with anything she's happy with, she says to Charlie:

""My mind's gone blank.""

Choose the most appropriate meaning of the above utterance from the following options.
(A) Charlie is not as creative as Emily.
(B) Emily's mind is an empty space, with nothing inside.
(C) Emily majored in neuroscience.
(D) Emily's creativity is depleted.
(E) None of the above.","The correct answer is (D) Emily's creativity is depleted.

When Emily says ""My mind's gone blank,"" she is expressing her frustration that she has been unable to come up with a new idea, implying that her creative thinking process has stalled or dried up. This idiomatic expression is a common way to describe a mental block or a lack of inspiration, rather than a literal description of the physical state of one's mind.",D,D,True
llama3:8b-instruct-q4_K_M,1,107,quality,english,"In the new semester, Charlie has the same class as Emily and asked her what her professor is like. Emily responded:

""You shouldn't even step on that professor's shadow.""

Choose the most appropriate meaning of the above utterance from the following options.
(A) Emily regrets taking the professor's class.
(B) The professor dislikes anyone stepping on their shadow.
(C) The professor often stays up late at night doing research in his lab.
(D) The professor is very strict or particular.
(E) None of the above.","The correct answer is (D) The professor is very strict or particular.

The phrase ""not even step on that professor's shadow"" is an idiomatic expression that means to not even dare to approach or get close to something (in this case, the professor). It implies that the professor is so strict, demanding, or particular that even the idea of getting near them is intimidating.",D,D,True
llama3:8b-instruct-q4_K_M,1,108,quality,english,"While walking in the park, a sudden clap of thunder caused them to quickly duck into a nearby building, and Emily looked outside and said:

""The sky has opened up.""

Choose the most appropriate meaning of the above utterance from the following options.
(A) Emily is bored with her walk in the park.
(B) A hole in the ozone layer caused a strong lightning strike.
(C) Charlie's bag was punctured.
(D) A sudden rainstorm is raging.
(E) None of the above.","The correct answer is (D) A sudden rainstorm is raging.

The phrase ""the sky has opened up"" is an idiomatic expression that means a sudden and intense storm or rain has begun. It is often used to describe a sudden and dramatic change in the weather. In this context, Emily is likely referring to the sudden and intense rainstorm that was triggered by the clap of thunder, causing them to quickly seek shelter.",D,D,True
llama3:8b-instruct-q4_K_M,1,113,quality,english,"Charlie arrived about 10 minutes late for his appointment with Emily, and Emily said to him:

""You're such a reliable person.""

Choose the most appropriate meaning of the above utterance from the following options.
(A) Emily is concerned about Charlie's health.
(B) Charlie is naturally a reliable person.
(C) The meeting is too far away for Charlie to arrive on time.
(D) Emily has time to spare.
(E) None of the above.","The correct answer is (E) None of the above.

The utterance ""You're such a reliable person"" is an ironic statement, as Charlie has arrived late for his appointment. Emily is being sarcastic, implying that Charlie is not reliable at all, but rather unreliable.",E,E,True
llama3:8b-instruct-q4_K_M,1,115,quality,english,"Charlie invited Emily to see a play in his new theater club. After the play, he received a lot of applause. Afterward, Emily met with Charlie and said:

""You really soared.""

Choose the most appropriate meaning of the above utterance from the following options.
(A) Charlie did not play his role well in the play.
(B) Wings sprouted from his back during the play.
(C) Charlie was an extra in the play.
(D) Emily has a lot of experience in theater.
(E) None of the above.","A clever question!

The correct answer is (E) None of the above.

""When someone 'soars'"", it's an idiomatic expression that means they excel, shine, or perform exceptionally well. In this context, Emily is saying that Charlie did an outstanding job with the play, implying that his performance was impressive and remarkable.

So, none of the options (A, B, C) accurately represent the intended meaning of Emily's comment.",E,E,True
llama3:8b-instruct-q4_K_M,1,120,quality,english,"In math class, a teacher is teaching a new concept to his students. After class, Charlie says to Emily as follows:

""I didn't understand a word of it.""

Choose the most appropriate meaning of the above utterance from the following options.
(A) Charlie understood everything the teacher said in class.
(B) Charlie has a vision problem and couldn't see the board at all.
(C) Emily is talented in science.
(D) The teacher has a good relationship with her students.
(E) None of the above.","The correct answer is (E) None of the above.

When Charlie says ""I didn't understand a word of it"", it means that he didn't comprehend the concept or the explanation presented by the teacher during the class. This statement does not imply that Charlie understood everything the teacher said, nor does it suggest that he has a vision problem or that Emily is talented in science. Additionally, it doesn't relate to the teacher's relationship with Charlie or Emily.",E,E,True
llama3:8b-instruct-q4_K_M,1,125,relation,english,"When Charlie suggested to Emily that they go to the movies together in the evening, Emily said:

""I have a presentation at the conference tomorrow.""

Choose the most appropriate meaning of the above utterance from the following options.
(A) Emily can't go to the movies in the evening.
(B) Emily is planning to give a presentation at the conference tomorrow.
(C) Emily can go to the movies tomorrow.
(D) Charlie is planning a summer vacation with Emily.
(E) None of the above.","The correct answer is (B) Emily is planning to give a presentation at the conference tomorrow.

In this sentence, Emily is providing a reason why she can't go to the movies with Charlie in the evening. The reason is that she has a presentation at a conference tomorrow, which implies that she is preparing for or planning to give a presentation at the conference.",B,A,False
llama3:8b-instruct-q4_K_M,1,127,relation,english,"At a company dinner, a coworker invited Charlie to have a drink, and Charlie said:

""I drove here.""

Choose the most appropriate meaning of the above utterance from the following options.
(A) Charlie will not drink alcohol.
(B) The car is parked in the parking lot.
(C) Charlie plans to drink.
(D) Charlie is planning to move.
(E) None of the above.","The correct answer is (A) Charlie will not drink alcohol.

When Charlie says ""I drove here"", it implies that he drove himself to the dinner, which means he didn't rely on someone else to bring him or didn't take a taxi. This is often a polite way of declining an offer of a drink, implying that he has already consumed enough or doesn't want to drink.",A,A,True
llama3:8b-instruct-q4_K_M,1,132,relation,english,"Charlie went to an electronics store with his mother to look for a new laptop for the new semester. When Charlie told his mother that the laptop costs $1,500, his mother replied:

""That's the price of a refrigerator.""

Choose the most appropriate meaning of the above utterance from the following options.
(A) The price of the laptop is too high.
(B) The price of the laptop and the refrigerator are similar.
(C) The refrigerator is as cheap as the laptop.
(D) Charlie's mother is considering buying a refrigerator.
(E) None of the above.","The correct answer is (A) The price of the laptop is too high.

When Charlie's mother says ""That's the price of a refrigerator"", she is making a comparison between the price of the laptop and the price of a refrigerator, which is typically a much more expensive item. By saying this, she is implying that the price of the laptop is too high, and possibly out of their budget.",A,A,True
llama3:8b-instruct-q4_K_M,1,137,relation,english,"While walking, Charlie was approached by Christians conducting a survey and when asked to fill out a questionnaire, he responded:

""I'm Buddhist.""

Choose the most appropriate meaning of the above utterance from the following options.
(A) Charlie believes in the tenets of Buddhism.
(B) Charlie will not fill out the questionnaire.
(C) Charlie is considering converting to Christianity.
(D) Charlie is preparing for a Chinese test.
(E) None of the above.","The correct answer is (A) Charlie believes in the tenets of Buddhism.

When Charlie responds ""I'm Buddhist"", he is identifying himself as a follower of Buddhism, indicating that he has a personal belief in the principles and teachings of Buddhism. This is the most straightforward and obvious meaning of his statement.",A,B,False
llama3:8b-instruct-q4_K_M,1,139,relation,english,"Charlie suggested to Emily that they go for a jog together tomorrow morning, and Emily said:

""I tore a ligament in my knee once.""

Choose the most appropriate meaning of the above utterance from the following options.
(A) Emily has torn ligaments in her knee before.
(B) Emily won't go jogging with Charlie.
(C) Emily jog every morning.
(D) Emily was invited to her friend's birthday.
(E) None of the above.","The correct answer is (B) Emily won't go jogging with Charlie.

Emily's statement is a polite way of declining Charlie's invitation to go for a jog together. She is sharing a relevant piece of information about her past injury to explain why she might not be a good candidate for jogging.",B,B,True
llama3:8b-instruct-q4_K_M,1,144,relation,english,"When Charlie's mother asked if he was going to work tomorrow, Charlie responded:

""I'm going to sleep in tomorrow.""

Choose the most appropriate meaning of the above utterance from the following options.
(A) Charlie plans to sleep in tomorrow.
(B) Charlie is not going to work tomorrow.
(C) Charlie doesn't like the fact that he has to go to work tomorrow.
(D) There is a flu going around these days.
(E) None of the above.","The correct answer is (B) Charlie is not going to work tomorrow.

When Charlie's mother asked if he was going to work tomorrow, Charlie responded ""I'm going to sleep in tomorrow."" This implies that Charlie does not intend to go to work tomorrow, but instead plans to sleep in.",B,B,True
llama3:8b-instruct-q4_K_M,1,149,relation,english,"Emily asked Charlie if he had dinner. Charlie responded:

""I just got home a little while ago.""

Choose the most appropriate meaning of the above utterance from the following options.
(A) Emily ate dinner a little while ago.
(B) Charlie ate dinner at home.
(C) Charlie did not eat dinner.
(D) Emily and Charlie had dinner together.
(E) None of the above.","The correct answer is (C) Charlie did not eat dinner.

In this conversation, Charlie is responding to Emily's question about whether he has had dinner. He says ""I just got home a little while ago"", which implies that he has recently arrived home and has not had dinner yet. This suggests that Charlie did not eat dinner.",C,C,True
llama3:8b-instruct-q4_K_M,1,151,relation,english,"Charlie asked Emily if she would like to go camping with him in the mountains. Emily reponded:

""I hate bugs.""

Choose the most appropriate meaning of the above utterance from the following options.
(A) Charlie and Emily like camping.
(B) Emily doesn't like bugs.
(C) Emily doesn't want to camp in the mountains.
(D) There are many bugs in the mountains.
(E) None of the above.","The correct answer is (C) Emily doesn't want to camp in the mountains.

Emily's response ""I hate bugs"" is a reason why she doesn't want to go camping with Charlie in the mountains, implying that she is not interested in the trip.",C,C,True
llama3:8b-instruct-q4_K_M,1,155,relation,english,"Emily and Charlie are on the phone. Emily asks Charlie if he would like to have a drink in the evening. Charlie responded:

""My mother-in-law is visiting.""

Choose the most appropriate meaning of the above utterance from the following options.
(A) Charlie is going to have a drink with his mother-in-law in the evening.
(B) Charlie spends quality time with his mother-in-law at home.
(C) Charlie can't go out in the evening.
(D) The mother-in-law likes her son-in-law.
(E) None of the above.","The correct answer is (C) Charlie can't go out in the evening.

The phrase ""My mother-in-law is visiting"" is a common idiomatic expression that means ""I have a prior commitment"" or ""I have a family obligation"". It implies that Charlie is already committed to spending time with his mother-in-law in the evening and cannot accept Emily's invitation to have a drink.",C,C,True
llama3:8b-instruct-q4_K_M,1,156,relation,english,"Charlie asked Emily if it was okay to drink, to which Emily said:

""I took the subway today.""

Choose the most appropriate meaning of the above utterance from the following options.
(A) You shouldn't drink alcohol and take the subway.
(B) Emily takes the subway to work.
(C) Emily is okay with drinking alcohol.
(D) The subway is always crowded.
(E) None of the above.","A classic example of a non-sequitur!

The correct answer is (E) None of the above.

The utterance ""I took the subway today"" is unrelated to Charlie's question about drinking. It's a random statement that doesn't provide any information about whether it's okay to drink or not.",E,C,False
llama3:8b-instruct-q4_K_M,1,161,relation,english,"Charlie asked Emily if she could send registered mail from the post office on Wednesday, and Emily responded:

""Wednesday is Independence Day.""

Choose the most appropriate meaning of the above utterance from the following options:
(A) July is a month for national celebrations.
(B) The post office is closed on Independence Day.
(C) Charlie plans to go to the post office on Independence Day.
(D) Emily cannot send registered mail on Wednesday.
(E) None of the above.","The correct answer is (B) The post office is closed on Independence Day.

In this context, Emily's response is indicating that the post office will be closed on Wednesday, which is Independence Day, and therefore, Charlie will not be able to send registered mail on that day.",B,D,False
llama3:8b-instruct-q4_K_M,1,163,relation,english,"Charlie asked Emily if she enjoyed the movie she saw yesterday, and Emily said:

""I just kept yawning.""

Choose the most appropriate meaning of the above utterance from the following options.
(A) Emily enjoyed the movie she watched yesterday.
(B) Emily is very tired.
(C) Emily fell asleep while watching the movie.
(D) Emily was bored by the movie she watched yesterday.
(E) None of the above.","The correct answer is (C) Emily fell asleep while watching the movie.

When Emily says ""I just kept yawning"", she is implying that she was so sleepy or bored that she fell asleep while watching the movie. The phrase ""just kept yawning"" suggests a repetitive action, implying that she was yawning continuously, which is a common indicator of sleepiness or drowsiness.",C,D,False
llama3:8b-instruct-q4_K_M,1,167,relation,english,"Charlie asked Emily if she had seen the movie their teacher recommended. Emily replied:

""There was a blackout yesterday.""

Choose the most appropriate meaning of the above utterance from the following options.
(A) The teacher recommended a good movie.
(B) Emily's house often loses electricity.
(C) Charlie watched the movie that their teacher recommended.
(D) Emily didn't see the movie their teacher recommended.
(E) None of the above.","The correct answer is (D) Emily didn't see the movie their teacher recommended.

The utterance ""There was a blackout yesterday"" is an indirect way of saying ""I didn't see the movie"" or ""I didn't have a chance to see the movie"". The blackout is likely being used as a metaphor for an interruption or an obstruction, implying that Emily didn't have the opportunity to see the movie due to some unexpected event (the blackout).",D,D,True
llama3:8b-instruct-q4_K_M,1,168,relation,english,"Charlie asked Emily if she was good at swimming, to which Emily responded:

""I was born in Hawaii.""

Choose the most appropriate meaning of the above utterance from the following options:
(A) Hawaii has many professional divers.
(B) Emily's hometown is Hawaii.
(C) Emily is not good at swimming.
(D) Emily is good at swimming.
(E) None of the above.","A classic lateral thinking puzzle!

The correct answer is (B) Emily's hometown is Hawaii.

The response ""I was born in Hawaii"" is a non-sequitur to the original question about Emily's swimming ability. However, it implies that Emily is from Hawaii, which is known for its beaches and swimming culture. Therefore, it can be inferred that Emily's hometown is Hawaii.

The other options are not related to the original question or the response:

(A) Hawaii having many professional divers is not relevant to Emily's swimming ability.

(C) ""I was born in Hawaii"" does not imply that Emily is not good at swimming.

(D) The response does not provide any evidence that Emily is good at swimming.

So, the correct answer is (B) Emily's hometown is Hawaii.",B,D,False
llama3:8b-instruct-q4_K_M,1,173,relation,english,"Emily asked Charlie to go swimming with her, and Charlie said:

""I'll see if I have a swimsuit at home.""

Choose the most appropriate meaning of the above utterance from the following options.
(A) Charlie works as a swimming instructor.
(B) There is a pool near his house.
(C) Charlie doesn't want to go swimming.
(D) Charlie likes to eat late-night snacks.
(E) None of the above.","The correct answer is (E) None of the above.

The utterance ""I'll see if I have a swimsuit at home"" means that Charlie is checking if he has a swimsuit at his home before agreeing to go swimming with Emily. It doesn't imply any of the other options: Charlie's occupation, the presence of a pool near his house, his desire to go swimming, or his preference for eating late-night snacks.",E,E,True
llama3:8b-instruct-q4_K_M,1,175,relation,english,"Charlie asked Emily if she would like to take a trip to the ocean with him in the summer. Emily responded:

""I'm afraid of water.""

Choose the most appropriate meaning of the above utterance from the following options.
(A) Emily is willing to take a trip to the sea.
(B) Emily confesses that she is afraid of heights.
(C) Charlie is planning a trip to the east coast in the summer.
(D) Charlie devises a way to overcome Emily's fear.
(E) None of the above.","The correct answer is (E) None of the above.

The utterance ""I'm afraid of water"" means that Emily is afraid of the ocean, which is the destination Charlie proposed. This implies that she is not willing to take the trip, as she has a phobia of water.",E,E,True
llama3:8b-instruct-q4_K_M,1,179,relation,english,"Charlie noticed Emily looked unwell and asked if she was sick. She said:

""I slept with the window open yesterday.""

Choose the most appropriate meaning of the above utterance from the following options.
(A) Emily is healthy.
(B) Emily slept well with the window closed.
(C) Emily wants to add another window to her house.
(D) A good night's sleep is good for your health.
(E) None of the above.","A clever question!

The correct answer is (E) None of the above.

The utterance ""I slept with the window open yesterday"" is a non-sequitur, and the conversation doesn't provide any relevant information about Emily's health. The fact that Emily slept with the window open doesn't imply anything about her current health or well-being.

So, the other options are not applicable:

* (A) Emily is healthy: No information provided about her health.
* (B) Emily slept well with the window closed: No mention of the window being closed.
* (C) Emily wants to add another window to her house: Not relevant to the conversation.
* (D) A good night's sleep is good for your health: A general statement, not related to Emily's specific situation.

Well done, Charlie, for trying to help Emily!",E,E,True
llama3:8b-instruct-q4_K_M,1,180,relation,english,"On the phone with Emily, Charlie asks her if she had a good flight to Germany. In response, Emily said:

""I forgot that daylight-saving time had started.""

Choose the most appropriate meaning of the above utterance from the following options.
(A) Emily missed her flight to France.
(B) Germany just ended daylight saving time.
(C) Emily is on her way to Germany by airplane.
(D) College students dream of traveling to Europe.
(E) None of the above.","The correct answer is (E) None of the above.

Emily's response ""I forgot that daylight-saving time had started"" is unrelated to her flight to Germany. It's likely that Emily is referring to the fact that she forgot to set her clock back or adjust her schedule for the time change, which would affect her daily routine, not her flight. The conversation does not provide any information about her actual flight to Germany.",E,E,True
llama3:8b-instruct-q4_K_M,1,185,manner,english,"Charlie pointed to Emily's sister in the family photo and asked who she was. Emily said:

""That's my mom's first favorite.""

Choose the most appropriate meaning of the above utterance from the following options.
(A) The woman is Emily's sister, and Emily is expressing playfulness.
(B) The woman is the mother's first daughter but not related to Emily.
(C) It represents a secretive relationship between Emily and her sister.
(D) Emily's sister is in a difficult situation.
(E) None of the above.","The correct answer is (A) The woman is Emily's sister, and Emily is expressing playfulness.

The phrase ""my mom's first favorite"" is likely a playful way of saying that the woman is Emily's mother's first child, i.e., Emily's sister. The use of ""first favorite"" is a colloquialism that is often used to refer to a sibling in a humorous or affectionate way.",A,A,True
llama3:8b-instruct-q4_K_M,1,187,manner,english,"Charlie likes Emily, whom he met on a blind date, and wants to ask her out afterward. When he asks when they can meet up again, Emily says:

""Maybe someday when we're free.""

Choose the most appropriate meaning of the above utterance from the following options.
(A) Emily wants to decline the request for a second date.
(B) Emily is suggesting that they meet again sometime.
(C) Emily wants to accept the request for a second date, but she doesn't have time.
(D) Emily is going to visit Charlie's parents.
(E) None of the above.","The correct answer is (B) Emily is suggesting that they meet again sometime.

Emily's response ""Maybe someday when we're free"" implies that she is open to the idea of meeting up again, but is not committing to a specific time or date. She is leaving the decision open-ended, suggesting that they can meet up again in the future when their schedules are free.",B,A,False
llama3:8b-instruct-q4_K_M,1,191,manner,english,"As Emily worries about whether her parents will like the gift she picked out, Charlie tells her:

""I've never met anyone who didn't like it.""

Choose the most appropriate meaning of the above utterance from the following options.
(A) Emily doesn't need to worry.
(B) Nobody who received the gift chosen by Emily has disliked it.
(C) The gift Emily chose was relatively inexpensive.
(D) Emily often goes out to eat with her mother.
(E) None of the above.","The correct answer is (B) Nobody who received the gift chosen by Emily has disliked it.

The utterance ""I've never met anyone who didn't like it"" implies that Charlie has seen or met many people who have received the gift Emily chose, and none of them have expressed dislike for it. This suggests that the gift has a high approval rate, making it likely that Emily's parents will also like it.",B,A,False
llama3:8b-instruct-q4_K_M,1,192,manner,english,"After touring her new room, when the landlord asked Emily how she felt about it, Emily responded:

""It doesn't look bad, but I need to think about it.""

Choose the most appropriate meaning of the above utterance from the following options.
(A) Emily doesn't like the room she saw.
(B) Emily doesn't think the room she's looking at is bad, but she's still not sure.
(C) Emily likes the room so much that she wants to sign the lease right away.
(D) Emily wants to move into the dorm.
(E) None of the above.","The correct answer is (B) Emily doesn't think the room she's looking at is bad, but she's still not sure.

Emily's response ""It doesn't look bad, but I need to think about it"" suggests that she is not entirely satisfied with the room, but she is not unhappy with it either. She is taking her time to think about it, indicating that she is still undecided about whether to rent the room or not.",B,A,False
llama3:8b-instruct-q4_K_M,1,197,manner,english,"When the wife saw a new watch that her husband bought and asked where he bought it, he replied:

""You see, yesterday, Manager Johnson asked me to pick out a gift for his girlfriend, so I went with him, and he saw this watch and said it would look really good on me...""

Choose the most appropriate meaning of the above utterance from the following options.
(A) The husband was forced to buy the watch because of Johnson's recommendation.
(B) Buying the watch is a reasonable choice.
(C) The husband became friends with Johnson's girlfriend.
(D) The husband will travel to Switzerland, the country of origin of the watch.
(E) None of the above.","The correct answer is (A) The husband was forced to buy the watch because of Johnson's recommendation.

The husband's response suggests that he was asked to pick out a gift for Johnson's girlfriend, and then Johnson himself recommended the watch, implying that the husband had no choice but to buy it. The husband's tone and words (""he saw this watch and said it would look really good on me..."") also suggest that he is trying to deflect the wife's question and not reveal the truth that he actually bought the watch for himself.",A,B,False
llama3:8b-instruct-q4_K_M,1,199,manner,english,"When Emily, who is usually very good at studying, asked Charlie about the difficulty of the electrician certification exam, Charlie said:

""I wouldn't say it's easy.""

Choose the most appropriate meaning of the above utterance from the following options.
(A) No matter what, people can't say it's easy.
(B) Even if Emily is a good student, it won't be easy.
(C) No one has yet passed the exam.
(D) It is difficult to get iron armor and a good breed of horse.
(E) None of the above.","The correct answer is (B) Even if Emily is a good student, it won't be easy.

Charlie's response ""I wouldn't say it's easy"" is a polite way of indicating that the exam is challenging, even for someone as good at studying as Emily. The phrase ""I wouldn't say"" is a hedging expression that softens the tone of the statement, but still conveys the difficulty of the exam.",B,B,True
llama3:8b-instruct-q4_K_M,1,204,manner,english,"When Emily asks Charlie if he's going to continue working for a boss who makes unfair demands on his subordinates, Charlie says:

""I can't say I won't.""

Choose the most appropriate meaning of the above utterance from the following options.
(A) Charlie doesn't have the ability to say no out loud.
(B) Charlie doesn't want to comply with his boss's request, but he has no choice but to do so.
(C) Charlie is going to get promoted ahead of his boss so he can do the same to his boss.
(D) Charlie is preparing to leave the organization by next month.
(E) None of the above.","The correct answer is (B) Charlie doesn't want to comply with his boss's request, but he has no choice but to do so.

When Charlie says ""I can't say I won't"", he is implying that he is unwilling to comply with his boss's demands, but he is unable to refuse due to some external constraint, such as a contract or a job requirement. This phrase is often used to convey a sense of resignation or helplessness, rather than a literal inability to speak.",B,B,True
llama3:8b-instruct-q4_K_M,1,209,manner,english,"When Charlie confessed to Emily that he wanted to go out with her, she replied:

""I really like you as a friend, too, but I don't think I'm in the right frame of mind to meet someone right now.""

Choose the most appropriate meaning of the above utterance from the following options.
(A) Charlie and Emily have a good personality match.
(B) Emily wants to date Charlie's brother.
(C) Emily doesn't want to go out with Charlie.
(D) There are no friends between men and women.  
(E) None of the above.","The correct answer is (C) Emily doesn't want to go out with Charlie.

In this scenario, Emily is rejecting Charlie's romantic advances and indicating that she is not interested in dating him at this time. Her response is a polite way of saying ""no"" without being too harsh or hurtful.",C,C,True
llama3:8b-instruct-q4_K_M,1,211,manner,english,"When Charlie asks how Emily's puppy is doing, Emily says:

""He's probably up in the clouds right now, frolicking happily.""

Choose the most appropriate meaning of the above utterance from the following options.
(A) Emily's dog likes to run around.  
(B) Emily's dog is up in the clouds.
(C) Emily's puppy died.
(D) Charlie and Emily met after a long time.
(E) None of the above.","The correct answer is (A) Emily's dog likes to run around.

The phrase ""frolicking happily"" is an idiomatic expression that means to play or have fun in a carefree and joyful manner. The phrase ""up in the clouds"" is a metaphorical expression that means to be in a state of euphoria or bliss. Together, the sentence suggests that the puppy is not literally in the clouds, but rather is enjoying itself in a happy and carefree way.",A,C,False
llama3:8b-instruct-q4_K_M,1,216,manner,english,"When the PT trainer asked Emily if she had gained weight, she said:

""I've been eating well on weekdays -- mostly chicken breast for lunch and dinner -- but this Friday we had a team dinner. Our team leader said that everyone must attend, and he's really scary, so I couldn't help but go. There was a lot of alcohol around, so I couldn't eat only a little bit of the snacks...""

Choose the most appropriate meaning of the above utterance from the following options.
(A) Emily has been exercising regularly.  
(B) Emily ate a diet of chicken breasts on weekdays and went out to dinner on Fridays.
(C) Emily makes an excuse about her weight.  
(D) As Emily gains muscle, she gains weight.
(E) None of the above.","The correct answer is (B) Emily ate a diet of chicken breasts on weekdays and went out to dinner on Fridays.

The utterance implies that Emily has been making an effort to eat well during the weekdays, specifically mentioning chicken breast for lunch and dinner. However, she makes an exception on Fridays, attending a team dinner and indulging in snacks due to the pressure from her team leader and the presence of alcohol. This suggests that Emily's diet is not consistent across all days of the week, making option (B) the most accurate interpretation.",B,C,False
llama3:8b-instruct-q4_K_M,1,221,manner,english,"When Charlie asked his sister Emily to see how he was dressed today, Emily said:

""I can't help but say something bad about you.""

Choose the most appropriate meaning of the above utterance from the following options.
(A) It is difficult to do outdoor activities when the weather is hot.
(B) Emily has to say something bad.  
(C) It is important to wear clothes that suit oneself.
(D) Charlie is dressed badly.
(E) None of the above.","The correct answer is (D) Charlie is dressed badly.

The utterance ""I can't help but say something bad about you"" is a humorous way of saying that Emily is tempted to criticize Charlie's outfit, but is trying to be polite or kind. It implies that Charlie's outfit is not good or is not well-dressed, which is the intended meaning.",D,D,True
llama3:8b-instruct-q4_K_M,1,223,manner,english,"Charlie's body has noticeably improved recently. When Michael asks Emily, who is best friends with Charlie, if Charlie is working out hard, Emily says:

""He doesn't miss a day at the gym.""

Choose the most appropriate meaning of the above utterance from the following options.
(A) Protein is important for building muscle.
(B) Charlie hasn't missed a single day at the gym.
(C) Charlie works out at home instead of going to the gym.  
(D) Charlie exercises regularly.
(E) None of the above.","The correct answer is (B) Charlie hasn't missed a single day at the gym.

In this context, Emily's statement ""He doesn't miss a day at the gym"" means that Charlie has been going to the gym every day, without exception. It implies consistency and regularity, rather than anything about the specific methods or importance of working out (options A, D, and E).",B,D,False
llama3:8b-instruct-q4_K_M,1,227,manner,english,"When Emily complimented Charlie, a painter, on his painting, Charlie said:

""It's just pen on paper.""

Choose the most appropriate meaning of the above utterance from the following options.
(A) The art museum attracts many fans.  
(B) A painting is a pen on paper.
(C) The artist's paintings are highly valued.
(D) Charlie is being modest about his painting.
(E) None of the above.","The correct answer is (D) Charlie is being modest about his painting.

When Charlie says ""It's just pen on paper"", he is downplaying the value or significance of his painting. He is implying that it's not a big deal, that it's just a simple drawing with a pen and paper, and not a masterpiece. This is a common way for artists to be modest about their work, and it's a way of deflecting praise or attention.",D,D,True
llama3:8b-instruct-q4_K_M,1,228,manner,english,"When Charlie showed Emily an amazing goal by a famous soccer player and asked what she thought, Emily responded:

""He kicked the ball and put it in the goal.""

Choose the most appropriate meaning of the above utterance from the following options.
(A) Famous players command a high price.
(B) Kicking the ball into the goal is a goal.
(C) The soccer player's skill is amazing.
(D) Emily is not impressed with the soccer player's play.
(E) None of the above.","The correct answer is (C) The soccer player's skill is amazing.

In this context, Emily's response ""He kicked the ball and put it in the goal"" is a simple and straightforward description of the action she just witnessed. Her tone and language suggest that she is impressed with the soccer player's skill and technique, implying that ""the soccer player's skill is amazing"".",C,D,False
llama3:8b-instruct-q4_K_M,1,233,manner,english,"At a department store, when Emily saw a man waving at Charlie and asked who he was, Charlie, who does not like his father, said:

""That's my mom's husband.""

Choose the most appropriate meaning of the above utterance from the following options.
(A) The man who waved is Charlie's uncle.
(B) The man waving is a friend of Charlie's mom and has no relationship with Charlie.
(C) This is the first time Charlie has seen the man who waved in person.
(D) Charlie is curious about the brand of clothing the man is wearing.
(E) None of the above.","The correct answer is (B) The man waving is a friend of Charlie's mom and has no relationship with Charlie.

In this sentence, Charlie is avoiding mentioning his father's name, which suggests that he does not have a good relationship with him. By saying ""my mom's husband"", Charlie is referring to his stepfather, who is married to his mother. This implies that the man waving is Charlie's stepfather, but Charlie is not acknowledging this directly.",B,E,False
llama3:8b-instruct-q4_K_M,1,235,manner,english,"After Charlie and Emily went on a date together, Charlie quickly calculated how much money Emily owed to the nearest dollar. Emily then said:

""You're really fast at math.""

Choose the most appropriate meaning of the above utterance from the following options.
(A) Emily likes Charlie's personality.
(B) Charlie is slow at calculating numbers.
(C) Emily likes going on dates with Charlie.
(D) Emily is not good at math.
(E) None of the above.","The correct answer is (D) Emily is not good at math.

The utterance ""You're really fast at math"" implies that Emily is surprised or impressed by Charlie's ability to quickly calculate the amount she owed, which suggests that Emily herself is not good at math.",D,E,False
llama3:8b-instruct-q4_K_M,1,239,manner,english,"When Charlie asks Emily if she arrived on time for the appointment, Emily said:

""I actually woke up an hour earlier than usual, got ready in 30 minutes and left the house, but on the way home, the subway suddenly stopped for 20 minutes, so I ran like crazy as soon as I got off and finally got on the bus, but since it was a weekend, the streets were really busy today...""

Choose the most appropriate meaning of the above utterance from the following options.
(A) Emily is worried about for Charlie being late.
(B) The subway arrived on time.
(C) Emily is usually never late.
(D) Using public transportation is a quick way to get around.
(E) None of the above.","The correct answer is (E) None of the above.

Emily's utterance is actually a description of her own experience and the challenges she faced getting to the appointment. She is not making any statements about Charlie's punctuality, the subway's schedule, or her usual arrival time. The utterance is a narrative about her own journey to the appointment, highlighting the unexpected delays and obstacles she encountered.",E,E,True
llama3:8b-instruct-q4_K_M,1,240,manner,english,"After Charlie, a new employee who doesn't speak German, wrote a report in English and asked his boss to review it. The boss said:

""There's not genug detail and Beweise to überprüfen the Schlüssel arguments, please entwickeln them in more Tiefe.""

Choose the most appropriate meaning of the above utterance from the following options.
(A) The boss likes Charlie's report.
(B) The boss plans to send Charlie on an international business trip.
(C) The boss works for a global company.
(D) No one writes well from the start.
(E) None of the above.","A nice challenge!

After analyzing the sentence, I think the most appropriate meaning is:

(E) None of the above.

Here's why:

* ""Genug"" means ""enough"", so ""There's not genug detail"" means ""There's not enough detail"".
* ""Beweise"" means ""proofs"", so ""Beweise to überprüfen"" means ""proofs to check"" or ""evidence to verify"".
* ""Schlüssel arguments"" means ""key arguments"".
* ""Entwickeln"" means ""to develop"" or ""to elaborate"", and ""in more Tiefe"" means ""in more depth"".

So, the sentence as a whole is asking Charlie to provide more detail and evidence to support his key arguments, and to elaborate on them in more depth.

Therefore, the boss is not expressing any opinion about Charlie's report, nor is he planning a business trip, nor is he mentioning a global company.",E,E,True
llama3:8b-instruct-q4_K_M,1,245,literal,english,"Emily asks Charlie where he's going to go on vacation for the summer, to which he replies:

""I'm going to Germany.""

Choose the most appropriate meaning of the above utterance from the following options.
(A) Charlie is planning to go to Germany on his summer vacation.
(B) Charlie has been to Germany before.
(C) Charlie and Emily are going to Germany together.
(D) Charlie hasn't decided where he will go on his summer vacation.
(E) None of the above.","The correct answer is (A) Charlie is planning to go to Germany on his summer vacation.

The utterance ""I'm going to Germany"" implies that Charlie has made a decision to travel to Germany, and is planning to do so during the summer. It does not provide information about whether he has been to Germany before, or whether Emily is accompanying him.",A,A,True
llama3:8b-instruct-q4_K_M,1,247,literal,english,"Charlie went to a clothing store to buy a T-shirt. He asked the clerk:

""Where are the men's T-shirts?""

Choose the most appropriate meaning of the above utterance from the following options.
(A) Charlie wants to know where the men's T-shirts are.
(B) Charlie doesn't have a girlfriend.
(C) Charlie likes t-shirts.
(D) The current season is summer.
(E) None of the above.","The correct answer is (A) Charlie wants to know where the men's T-shirts are.

In this context, Charlie is asking the clerk to direct him to the section of the store where men's T-shirts are located. He is seeking information about the location of the T-shirts, not making a statement about his personal life, fashion preferences, or the season.",A,A,True
llama3:8b-instruct-q4_K_M,1,251,literal,english,"Charlie and Emily came to a restaurant together for dinner. Looking at the menu, Emily asked Charlie what he would like to eat and he said:

""Pizza!""

Choose the most appropriate meaning of the above utterance from the following options.
(A) Charlie wants to eat pizza.
(B) Emily likes pizza.
(C) The restaurant that Charlie and Emily visited is out of spaghetti.
(D) The restaurant they visited is currently having a sale on pizza.
(E) None of the above.","The correct answer is (A) Charlie wants to eat pizza.

In this context, Charlie's utterance ""Pizza!"" is a direct response to Emily's question ""What would you like to eat?"" It indicates that Charlie has made a choice and wants to eat pizza.",A,A,True
llama3:8b-instruct-q4_K_M,1,252,literal,english,"After school, Charlie came home, but his mother wasn't home. He asked his brother as follows:

""Where's Mom?""

Choose the most appropriate meaning of the above utterance from the following options.
(A) Charlie wants to know where his mother has gone.
(B) Charlie asks his brother to play a computer game with him.
(C) Charlie was scolded by his mother yesterday.
(D) Charlie's brother is on vacation.
(E) None of the above.","The correct answer is (A) Charlie wants to know where his mother has gone.

In this context, Charlie's question ""Where's Mom?"" is a typical way of asking where his mother is, implying that he is looking for her and wants to know her current location.",A,A,True
llama3:8b-instruct-q4_K_M,1,257,literal,english,"Michael and Charlie went to a restaurant, and the staff asked Michael and Charlie what they would order. Michael replied:

""I'll have the cheeseburger.""

Choose the most appropriate meaning of the above utterance from the following options.
(A) Michael indicates that he does not prefer cheeseburger.
(B) Michael wants to order cheeseburger.
(C) Michael wants to order the same menu item as Charlie.
(D) Michael indicates that Charlie will order a different menu than Michael.
(E) None of the above.","The correct answer is (B) Michael wants to order cheeseburger.

Michael's statement ""I'll have the cheeseburger"" clearly indicates that he wants to order a cheeseburger, which is a menu item at the restaurant.",B,B,True
llama3:8b-instruct-q4_K_M,1,259,literal,english,"Charlie, who is taking the ""Introduction to German Studies"" course this semester, asked Emily, who took the same course last semester, how well she did. Emily responded:

""I messed up the other subjects, but I still got an A+ in Introduction to German Studies.""

From the following options, choose the most appropriate meaning of the statement above:
(A) Emily is confident that Charlie will also get an A+ in the ""Introduction to German Studies"" course this semester.
(B) Emily received an A+ in the ""Introduction to German Studies"" course last semester.
(C) Emily is persuading Charlie not to take the ""Introduction to German Studies"" course.
(D) Emily got an A+ in other subjects last semester too.
(E) None of the above.","The correct answer is (B) Emily received an A+ in the ""Introduction to German Studies"" course last semester.

Emily's statement implies that she did poorly in other subjects, but excelled in Introduction to German Studies, which suggests that she received a high grade in that course, specifically an A+.",B,B,True
llama3:8b-instruct-q4_K_M,1,263,literal,english,"Emily, who is a vegetarian, was trying to decide what to have for dinner with her friend Charlie. When Emily asked Charlie what he would like to eat, he said:

""Should we have a salad for dinner tonight?""

Choose the most appropriate meaning of the above utterance from the following options.
(A) Charlie is expressing his strong displeasure that Emily is a vegetarian.
(B) Charlie is suggesting that they have a salad for dinner tonight.
(C) Charlie is subtly hinting to Emily that he is not hungry yet.
(D) Charlie is expressing that eating meat is too much of a financial burden for Emily.
(E) None of the above.","The correct answer is (B) Charlie is suggesting that they have a salad for dinner tonight.

Charlie's statement is a simple suggestion, asking Emily if they should have a salad for dinner. It doesn't contain any hints, insults, or financial implications, and it's not related to Emily's vegetarianism. It's a straightforward and neutral proposal.",B,B,True
llama3:8b-instruct-q4_K_M,1,264,literal,english,"Charlie, curious about the travel time using the recently opened Silver Line extension in Washington D.C., asked Emily who had just tried it. Emily replied:

""It only takes about 12 minutes to travel from Reston to Tysons.""

From the following options, choose the most appropriate meaning of the statement above:
(A) Emily recommends avoiding the Silver Line because it is expensive.
(B) Emily is informing Charlie that traveling from Reston to Tysons on the Silver Line takes about 12 minutes.
(C) Emily intends to continue using the Silver Line in the future.
(D) Emily is advising Cheolsu not to move to Reston.
(E) None of the above.","The correct answer is (B) Emily is informing Charlie that traveling from Reston to Tysons on the Silver Line takes about 12 minutes.

Emily's statement is a straightforward answer to Charlie's question about the travel time using the Silver Line extension. She is providing information about the duration of the trip from Reston to Tysons, which is a factual answer. The other options are not supported by the text.",B,B,True
llama3:8b-instruct-q4_K_M,1,269,literal,english,"Charlie and Michael are planning a trip to Hawaii. Michael thinks they should rent a car and asks Charlie if he can drive. Charlie then responded:

""No, I can't drive. I don't have a license yet.""

Choose the most appropriate meaning of the above utterance from the following options.
(A) Charlie is asking Michael to drive for him.
(B) Charlie is disagreeing with Michael's idea of renting a car.
(C) Charlie is currently unable to legally drive.
(D) Charlie doesn't like to drive.
(E) None of the above.","The correct answer is (C) Charlie is currently unable to legally drive.

In this conversation, Charlie is responding to Michael's request to drive by stating that he can't drive because he doesn't have a license yet. This indicates that Charlie is unable to legally drive due to not having a valid driver's license.",C,C,True
llama3:8b-instruct-q4_K_M,1,271,literal,english,"In his haste to get out of the house, Charlie forgot to bring an umbrella. When it suddenly started raining, he found an umbrella in a nearby grocery store, grabbed it, went to the clerk, and said:

""How much does this umbrella cost?""

Choose the most appropriate meaning of the above utterance from the following options.
(A) Charlie can't believe that the grocery store sells umbrellas.
(B) Charlie thinks the umbrella is overpriced.
(C) Charlie is asking about the price of the umbrella.
(D) Charlie wants to use the umbrella as an excuse to get to know the clerk.
(E) None of the above.","The correct answer is (C) Charlie is asking about the price of the umbrella.

In this scenario, Charlie has just found the umbrella in the store and is inquiring about its price before making a purchase.",C,C,True
llama3:8b-instruct-q4_K_M,1,276,literal,english,"Emily and Charlie were thirsty and went to a convenience store to buy a drink. Emily asked Charlie what he wanted to drink, and he replied:

""I don't know if I want a Coke or a Coke Zero.""

Choose the most appropriate meaning of the above utterance from the following options.
(A) Charlie wants to drink water now.
(B) Charlie prefers Zero Coke to Coke.
(C) Charlie is trying to decide whether to drink Coke or Coke Zero.
(D) Charlie doesn't usually drink much Coke.
(E) None of the above.","The correct answer is (C) Charlie is trying to decide whether to drink Coke or Coke Zero.

In this sentence, Charlie is expressing uncertainty about what drink he wants to buy, saying he's torn between a traditional Coke and a Coke Zero (a variation with zero calories). He's not expressing a preference for water, Zero Coke, or not drinking Coke.",C,C,True
llama3:8b-instruct-q4_K_M,1,281,literal,english,"Emily and Charlie come to the beach to play, but Emily refuses to go in the water. Charlie asks her why she won't go in the ocean, and she replies:

""I'm afraid of water because I remember falling into deep water when I was younger.""

Choose the most appropriate meaning of the above utterance from the following options.
(A) Emily wants Charlie to go into the sea as soon as possible.
(B) Emily likes the ocean more than the mountains.
(C) Emily is very excited to go to the sea.
(D) Emily is afraid to go into the ocean because of a bad childhood memory.
(E) None of the above.","The correct answer is (D) Emily is afraid to go into the ocean because of a bad childhood memory.

The utterance indicates that Emily has a fear of water because of a past experience of falling into deep water when she was younger. This suggests that she is afraid to go into the ocean because of this traumatic event, which is a common phobia known as aquaphobia.",D,D,True
llama3:8b-instruct-q4_K_M,1,283,literal,english,"Emily was browsing in a bookstore when she ran into Charlie. When he asks her what she was looking at, she replies:

""There was a romance novel by my favorite author, so I was looking at that.""

Choose the most appropriate meaning of the above utterance from the following options.
(A) Emily likes mystery novels more than romance novels.
(B) Emily wants to get a book recommendation from Charlie.
(C) Emily doesn't usually like to read books.
(D) Emily was looking at a new romance novel by her favorite author at the bookstore.
(E) None of the above.","The correct answer is (D) Emily was looking at a new romance novel by her favorite author at the bookstore.

The sentence implies that Emily was browsing the bookstore and came across a romance novel written by her favorite author. She was interested in reading the book, so she was looking at it.",D,D,True
llama3:8b-instruct-q4_K_M,1,288,literal,english,"Emily and Charlie decide to make a cake together. When they go to the grocery store to buy ingredients, Emily asks Charlie what she should buy, and he replies:

""We have batter and whipped cream at home, so I think we just need to buy some ingredients to decorate the cake.""

Choose the most appropriate meaning of the above utterance from the following options.
(A) Charlie think they must go to the bakery to buy the cake.
(B) Charlie thinks they should buy bread first.
(C) Charlie likes chocolate cake, so he must buy chocolate.
(D) Charlie only needs to buy the ingredients to decorate the cake because they have the basic ingredients.
(E) None of the above.","The correct answer is (D) Charlie only needs to buy the ingredients to decorate the cake because they have the basic ingredients.

In the conversation, Charlie is implying that Emily and Charlie already have the basic ingredients for the cake (batter and whipped cream) at home, so they only need to buy additional ingredients to decorate the cake.",D,D,True
llama3:8b-instruct-q4_K_M,1,293,literal,english,"When Emily asks Charlie if he's seen the new movie, Charlie replies:

""I was going to go see it with my girlfriend, but something came up, so I didn't.""

Choose the most appropriate meaning of the above utterance from the following options.
(A) Charlie went to see the new movie by himself.
(B) Charlie had an argument with his girlfriend.
(C) Charlie wants to see the new movie with Emily.
(D) Charlie is euphemistically saying that he does not want to see the new movie with Emily.
(E) None of the above.","The correct answer is (B) Charlie had an argument with his girlfriend.

The phrase ""something came up"" is a common idiomatic expression that means an unexpected event or issue has arisen, often used to explain why plans have changed or been cancelled. In this context, it implies that Charlie's original plans to go see the movie with his girlfriend were disrupted due to some kind of issue or conflict, likely an argument.",B,E,False
llama3:8b-instruct-q4_K_M,1,295,literal,english,"On his way to Penn Station by bus, Charlie saw an elderly woman get on the bus and stood up from where he was sitting. Charlie said:

""Ma'am, please sit here.""

Choose the most appropriate meaning of the above utterance from the following options.
(A) Charlie is inviting an elderly gentleman to sit in his seat.
(B) The seat Charlie was sitting in was a pregnant woman's seat.
(C) The elderly lady is carrying a heavy bag and will not be able to stand.
(D) Charlie prefers to stand on the bus.
(E) None of the above.","The correct answer is (C) The elderly lady is carrying a heavy bag and will not be able to stand.

Charlie's utterance ""Ma'am, please sit here"" is an offer to let the elderly woman sit down, implying that she may be carrying a heavy bag or having difficulty standing, and Charlie is being courteous by giving up his seat for her.",C,E,False
llama3:8b-instruct-q4_K_M,1,299,literal,english,"Charlie was reading a book in the library when he ran into Emily. She asks him what he's reading, and he replies:

""I'm interested in art these days, so I'm reading a book about art criticism.""

Choose the most appropriate meaning of the above utterance from the following options.
(A) Charlie is reading a book on music criticism, which is his current interest.
(B) Charlie is very fond of novels.
(C) Charlie is studying for a test in the library.
(D) Charlie wants to apply for an art-related major.
(E) None of the above.","The correct answer is (E) None of the above.

The utterance ""I'm interested in art these days, so I'm reading a book about art criticism"" implies that Charlie is currently interested in art and is reading a book about art criticism as a way to learn more about it. This is not related to music, novels, studying for a test, or applying for a major.",E,E,True
llama3:8b-instruct-q4_K_M,1,300,literal,english,"Charlie has two tickets to the musical. He wants to go to the show with Emily, so he asks her what she's doing this weekend. Emily then replies:

""I'm going on a trip with my friends this weekend.""

Choose the most appropriate meaning of the above utterance from the following options.
(A) Emily is going to the movies with her friends this weekend.
(B) Emily doesn't like musicals.
(C) Emily wants to see a musical today.
(D) Emily is going to see a musical with her other friends this weekend.
(E) None of the above.","The correct answer is (E) None of the above.

The utterance ""I'm going on a trip with my friends this weekend"" implies that Emily has plans to go on a trip with her friends, which is unrelated to the musical or Charlie's invitation. It does not provide any information about Emily's interest in the musical or her plans to attend it.",E,E,True
llama3:8b-instruct-q4_K_M,1,5,quantity,german,"Es ist ein Jahr her, dass Felix sich von seiner langjährigen Freundin getrennt hat. Anna fragt ihn, ob er seine Ex immer noch vermisst, und er antwortet:

""Vergangenheit ist Vergangenheit.""

Wählen Sie die passendste Bedeutung der obigen Äußerung aus den folgenden Aussagen aus.
(A) Felix' Ex hat keine Bedeutung mehr für ihn.
(B) Die Vergangenheit ist Vergangenheit.  
(C) Felix kümmert sich nicht um die Gegenwart, weil er in der Vergangenheit schwelgt.
(D) Felix und Anna sind alte Freunde.
(E) Keine der obigen Aussagen ist richtig.","Die passendste Bedeutung ist (A) Felix' Ex hat keine Bedeutung mehr für ihn.

Die Äußerung ""Vergangenheit ist Vergangenheit"" ist eine idiomatic phrase, die bedeutet, dass die Vergangenheit ihre Bedeutung verloren hat und nicht mehr relevant ist. In diesem Kontext bedeutet es, dass Felix sich von seiner Ex getrennt hat und nicht mehr an sie denkt oder sie vermisst.",A,A,True
llama3:8b-instruct-q4_K_M,1,7,quantity,german,"Felix und Anna, die im selben Club sind, hatten letzte Woche bei der Clubversammlung einen Streit. Es ist fast Zeit für das heutige Treffen und Felix ist nicht zu finden. Max, ein Freund aus dem Club, fragt Anna, ob er nicht kommt, und Anna antwortet

""Entweder er kommt oder er kommt nicht.""

Wählen Sie die passendste Bedeutung der obigen Äußerung aus den folgenden Aussagen aus.
(A) Anna ist es egal, ob Felix kommt oder nicht.
(B) Felix kann kommen oder nicht kommen.    
(C) Anna hat beschlossen, sich bei Felix zu entschuldigen.
(D) Anna ist keine gute Rednerin.
(E) Keine der obigen Aussagen ist richtig.","Die korrekte Antwort ist (B) Felix kann kommen oder nicht kommen.

Die Aussage ""Entweder er kommt oder er kommt nicht"" ist eine klassische Beispiel für ein Zitat, das die Möglichkeiten aufgreift, ohne eine Meinung oder eine Empfehlung zu äußern. Anna gibt lediglich die möglichen Ausgänge an, ohne sich persönlich einbringen zu lassen. Sie gibt also keine Information über ihre eigenen Gefühle oder Absichten, sondern beschreibt nur die möglichen Handlungen von Felix.",B,A,False
llama3:8b-instruct-q4_K_M,1,11,quantity,german,"Als die schmollende Anna nicht aß, fragte ihr Vater, ob sie denn nicht essen würde. Ihre Mutter antwortete:

""Wenn sie essen will, wird sie essen.""

Wählen Sie die passendste Bedeutung der obigen Äußerung aus den folgenden Aussagen aus.
(A) Mach dir keine Sorgen; Anna wird essen, wenn sie Hunger hat.
(B) Wenn Anna essen will, wird sie essen.
(C) Anna wird nicht essen, weil sie eine Diät macht.   
(D) Es kann nur gut gehen, wenn die Familie harmonisch ist.
(E) Keine der obigen Aussagen ist richtig.","Die passendste Bedeutung der obigen Äußerung ist:

(B) Wenn Anna essen will, wird sie essen.

Die Mutter antwortet nicht, dass Anna essen wird, wenn sie Hunger hat, oder dass es nur gut gehen kann, wenn die Familie harmonisch ist. Sie antwortet auch nicht, dass Anna nicht essen wird, weil sie eine Diät macht. Stattdessen betont sie, dass Anna frei entscheiden wird, ob sie isst oder nicht, wenn sie das möchte.",B,A,False
llama3:8b-instruct-q4_K_M,1,12,quantity,german,"Ein Ehemann sagt zu einer Frau, die auf ihr lang vermisstes Kind wartet:

""Wenn er nicht tot ist, dann ist er noch am Leben.""

Wählen Sie die passendste Bedeutung der obigen Äußerung aus den folgenden Aussagen aus.
(A) Das Kind ist wahrscheinlich irgendwo am Leben, also verlier nicht die Hoffnung.
(B) Das Kind könnte am Leben sein oder bei einem Unfall ums Leben gekommen sein.  
(C) Es ist an der Zeit, das Kind zu vergessen und sich auf unser Leben zu konzentrieren.  
(D) Die Bindung eines Eheaares ist schwer zu zerbrechen.
(E) Keine der obigen Aussagen ist richtig.","Die richtige Antwort ist (B) Das Kind könnte am Leben sein oder bei einem Unfall ums Leben gekommen sein.

Die Äußerung des Ehemannes ist ein Beispiel für eine ""tertium non datur""- Aussage, die eine Aussage macht, die weder ein positives noch ein negatives Statement ist. In diesem Fall sagt der Ehemann nicht, dass das Kind lebt oder tot ist, sondern dass es entweder lebt oder tot ist, aber nicht, dass es tot ist. Dies bedeutet, dass das Kind entweder am Leben ist oder tot ist, aber nicht, dass es tot ist.",B,A,False
llama3:8b-instruct-q4_K_M,1,17,quantity,german,"Als Felix sich fragt, wo seine Ex-Geliebte lebt, zu der er keinen Kontakt mehr hat, sagt Anna ihm

""Irgendwo lebt sie wohl.""

Wählen Sie die passendste Bedeutung der obigen Äußerung aus den folgenden Aussagen aus.
(A) Felix' Ex-Geliebte lebt wahrscheinlich irgendwo.  
(B) Es ist sinnlos, sich dafür zu interessieren, wie es einem ehemaligen Geliebten geht.
(C) Wenn Anna Felix' Worten zuhört, ist sie auch neugierig, wie es ihrem Ex-Geliebten geht.
(D) Anna hat ein schlechtes räumliches Vorstellungsvermögen.
(E) Keine der obigen Aussagen ist richtig.","Die passendste Bedeutung ist:

(A) Felix' Ex-Geliebte lebt wahrscheinlich irgendwo.

Anna gibt hier eine neutrale Antwort, die nicht viel enthält. Sie gibt nicht zu, dass sie weiß, wo die Ex-Geliebte lebt, sondern lediglich eine allgemeine Möglichkeit an, dass sie irgendwo lebt. Dieser Aussage ist keine Aussage über Annas Gefühle oder Meinungen, sondern eine simple Antwort auf Felix' Frage.",A,B,False
llama3:8b-instruct-q4_K_M,1,19,quantity,german,"Als sie vor dem Bungeoppang-Laden vorbeikamen, fragte Felix Anna, ob sie Bargeld dabei hat:     

""Ich habe nur einen 50.000 Won-Schein.""

Wählen Sie die passendste Bedeutung der obigen Äußerung aus den folgenden Aussagen aus.
(A) Anna hat einen 50.000-Won-Schein in ihrer Brieftasche.  
(B) Der Geldbetrag ist zu hoch, um das Bungeoppang zu bezahlen.
(C) Anna hat genug Geld, um so viel Bungeoppang zu kaufen, wie sie will.
(D) Das Wetter ist heute sehr kalt.
(E) Keine der obigen Aussagen ist richtig.","Die passendste Bedeutung ist:

(B) Der Geldbetrag ist zu hoch, um das Bungeoppang zu bezahlen.

Anna gibt an, dass sie nur einen 50.000-Won-Schein bei sich hat, was bedeutet, dass sie zu viel Geld hat, um das Bungeoppang zu bezahlen, das normalerweise nicht so teuer ist.",B,B,True
llama3:8b-instruct-q4_K_M,1,23,quantity,german,"Anna plant eine Reise in die Vereinigten Staaten und muss ihr Hotel anrufen, um ihre Reservierung zu ändern, aber sie ist nicht sicher in ihrem Englisch. Also fragt sie Felix, ob er das Hotel in den USA für sie anrufen kann.

""Ich bin nicht gut in Konversation.""

Wählen Sie die passendste Bedeutung der obigen Äußerung aus den folgenden Aussagen aus.
(A) Felix' Englisch ist nicht sehr gut.  
(B) Felix möchte das Hotel nicht für Anna anrufen.
(C) Felix spricht gut Englisch, aber viele Leute sprechen es besser.
(D) Felix kann sehr gut Bilder malen.
(E) Keine der obigen Aussagen ist richtig.","Die passendste Bedeutung ist:

(E) Keine der obigen Aussagen ist richtig.

Die Äußerung ""Ich bin nicht gut in Konversation"" bedeutet, dass Anna sich unsicher fühlt bei der Kommunikation in Englisch und bittet Felix, das Hotel für sie anzurufen, um ihre Reservierung zu ändern. Dies hat nichts mit Felix' Englischkenntnissen (A) oder -fähigkeiten (C) zu tun, noch hat es irgendeinen Bezug zu Felix' Absichten (B) oder Fähigkeiten in anderen Bereichen (D).",E,B,False
llama3:8b-instruct-q4_K_M,1,24,quantity,german,"Felix und Anna spielen in einem Grundschulgebäude Verstecken. Als Felix den Wachmann der Schule, der die Szene von Anfang an beobachtet hat, fragt, wo Anna ist, sagt der Wachmann:

""Sie ist in der Schule.""

Wählen Sie die passendste Bedeutung der obigen Äußerung aus den folgenden Aussagen aus.
(A) Der Wachmann vermittelt die Information, dass Anna in der Schule ist.
(B) Der Wachmann will den Aufenthaltsort von Anna nicht verraten.
(C) Der Wachmann gibt sich als Anna zu erkennen, der als Wachmann verkleidet ist.
(D) Der Wachmann ist ein Freund von Annas Mutter.
(E) Keine der obigen Aussagen ist richtig.","Die passendste Bedeutung ist:

(A) Der Wachmann vermittelt die Information, dass Anna in der Schule ist.

Die Äußerung ""Sie ist in der Schule"" bedeutet, dass Anna sich innerhalb des Schulgebäudes befindet, ohne weitere Informationen über den genauen Aufenthaltsort zu geben.",A,B,False
llama3:8b-instruct-q4_K_M,1,29,quantity,german,"Anna und ihr Freund hatten gerade ein Fleischgericht in einem schicken Restaurant gegessen. Als einer ihrer Freunde – Felix – sie fragt, wie das Essen geschmeckt hat, sagt sie:

""Es ist anders als das Fleisch, das wir zu Hause essen.""

Wählen Sie die passendste Bedeutung der obigen Äußerung aus den folgenden Aussagen aus.
(A) Anna wird von nun an zu Hause kein Fleisch mehr essen.
(B) Das Fleisch im Restaurant ist anders als das Fleisch zu Hause.
(C) Das Fleisch im Restaurant war für Anna unbefriedigend.
(D) Sie wird ihren Freund einladen, zu Hause Fleischgerichte zu kochen.
(E) Keine der obigen Aussagen ist richtig.","Die passendste Bedeutung ist:

(B) Das Fleisch im Restaurant ist anders als das Fleisch zu Hause.

Anna vergleicht das Fleisch im Restaurant mit dem, das sie zu Hause isst, und sagt, dass es ""anders"" ist. Dies bedeutet, dass die Qualität, das Rezept oder die Zubereitung des Fleisches im Restaurant von dem, was sie zu Hause isst, abweicht.",B,C,False
llama3:8b-instruct-q4_K_M,1,31,quantity,german,"Felix hat kürzlich eine Prämie erhalten und seiner Schwester Anna eine Spielkonsole geschenkt. Als er Anna fragte, ob ihr die Spielkonsole gefalle, sagte sie:

""Neu ist neu.""

Wählen Sie die passendste Bedeutung der obigen Äußerung aus den folgenden Aussagen aus.
(A) Anna möchte ein neures Modell der Spielkonsole.
(B) Es gibt einen Unterschied zwischen alten und neuen Spielen.
(C) Anna ist nicht ganz zufrieden mit der Spielkonsole.
(D) Anna wird die Spielkonsole zu einem hohen Preis verkaufen.
(E) Keine der obigen Aussagen ist richtig.","Die passendste Bedeutung ist (C) Anna ist nicht ganz zufrieden mit der Spielkonsole.

Die Aussage ""Neu ist neu"" ist eine idiomatische Redewendung, die in diesem Kontext bedeutet, dass Anna nicht anfangen kann, die Spielkonsole zu mögen, weil sie neu ist. Es handelt sich um eine Art von ""Neuheits-Verwirrung"", die Anna nicht begreift oder nicht mag.",C,C,True
llama3:8b-instruct-q4_K_M,1,35,quantity,german,"Anna sieht sich die brillante Darbietung eines kleinen Kindes in einer Sendung zur Talentprobe an und sagt zu Felix, der neben ihr steht:

""Das Kind ist sieben Jahre alt.""

Wählen Sie die passendste Bedeutung der obigen Äußerung aus den folgenden Aussagen aus.
(A) Anna wird mit den Teilnehmern der Sendung eine Band gründen.
(B) Die Teilnehmer der Sendung sind alle sieben Jahre alt.
(C) Anna ist von den beachtlichen Fähigkeiten des Teilnehmers beeindruckt.
(D) Anna hat beschlossen, in die Abteilung für praktische Musik zu wechseln.
(E) Keine der obigen Aussagen ist richtig.","Die passendste Bedeutung ist (C) Anna ist von den beachtlichen Fähigkeiten des Teilnehmers beeindruckt.

Anna äußert sich über das Alter des Kindes, um ihre Begeisterung und Anerkennung für das Talent des Kindes zu zeigen. Sie gibt zu verstehen, dass sie von der brillanten Darbietung des siebenjährigen Kindes beeindruckt ist.",C,C,True
llama3:8b-instruct-q4_K_M,1,36,quantity,german,"Als Universitätsdozent wurde Felix beauftragt, einen Kurs zu unterrichten, in dem es um einführende Inhalte ging. Als Anna, seine Vorgängerin, ihn fragte, wie die Vorlesung gelaufen sei, sagte er:      

""Vorlesungen sind Vorlesungen.""

Wählen Sie die passendste Bedeutung der obigen Äußerung aus den folgenden Aussagen aus.
(A) Er hat die Vorlesung ohne große Anstrengung gehalten.
(B) Die Vorlesung, die er hält, ist eine Universitätsvorlesung.
(C) Es war nicht leicht zu unterrichten, obwohl der Inhalt auf Anfängerniveau war.
(D) Er hat verstanden, was das Wort ""Vorlesung"" bedeutet.
(E) Keine der obigen Aussagen ist richtig.","Die passendste Bedeutung ist (E) Keine der obigen Aussagen ist richtig.

Die Äußerung ""Vorlesungen sind Vorlesungen"" ist eine ironische und humorvolle Antwort auf die Frage, wie die Vorlesung gelaufen sei. Felix gibt keine konkrete Antwort auf die Frage, sondern betont lediglich, dass es sich um eine Vorlesung handelt, ohne weitere Informationen zu liefern. Dies soll wahrscheinlich Anna verdeutlichen, dass er nicht viel zu berichten hat, was den Inhalt oder den Ablauf der Vorlesung betrifft.",E,C,False
llama3:8b-instruct-q4_K_M,1,41,quantity,german,"Felix, der Französisch als Hauptfach studiert hatte, reiste mit Anna nach Frankreich. Nachdem sie gesehen hatte, wie gut er sich mit Menschen verständigen konnte, obwohl er lange Zeit kein Französisch gesprochen hatte, sagte Anna:

""Ein Fachmann ist ein Fachmann"".

Wählen Sie die passendste Bedeutung der obigen Äußerung aus den folgenden Aussagen aus.
(A) Felix kann ausgezeichnet Baguettes backen.
(B) Felix ist eben ein Französisch-Student.
(C) Felix' Französisch ist weniger gut als erwartet.
(D) Felix' Französischkenntnisse sind sehr zu loben.
(E) Keine der obigen Aussagen ist richtig.","Die passendste Bedeutung ist (D) Felix' Französischkenntnisse sind sehr zu loben.

Anna sagt, dass Felix sich gut mit Menschen verständigen kann, obwohl er lange Zeit kein Französisch gesprochen hatte, was darauf hindeutet, dass Felix' Französischkenntnisse sehr gut sind. Die Äußerung ""Ein Fachmann ist ein Fachmann"" ist eine Redewendung, die bedeutet, dass jemand, der in seinem Fach sehr gut ist, auch weiterhin gut sein wird. In diesem Fall bedeutet sie, dass Felix' Französischkenntnisse so gut sind, dass er sich auch nach langer Zeit noch gut verständigen kann.",D,D,True
llama3:8b-instruct-q4_K_M,1,43,quantity,german,"Morgen ist der Geburtstag von Anna. Als Felix Anna fragt, was sie sich zu ihrem Geburtstag wünscht, sagt sie

""Etwas Schönes.""

Wählen Sie die passendste Bedeutung der obigen Äußerung aus den folgenden Aussagen aus.
(A) Anna hofft, dass Felix ihr überhaupt nichts schenkt.
(B) Anna hofft, dass Felix ihr etwas schenkt, das ihm gefällt.
(C) Anna hofft, dass Felix ihr etwas Teures schenkt.
(D) Anna hofft, dass Felix ihr etwas schenkt, das ihr gefällt.
(E) Keine der obigen Aussagen ist richtig.","Die richtige Antwort ist (D) Anna hofft, dass Felix ihr etwas schenkt, das ihr gefällt.

Die Äußerung ""Etwas Schönes"" ist ein offenes und allgemeines Angebot, das andeutet, dass Anna sich auf ein Geschenk oder eine Gabe von Felix freut, das ihr gefällt. Es gibt keine Anhaltspunkte dafür, dass Anna ein bestimmtes Geschenk oder ein bestimmtes Verhalten von Felix erwartet.",D,D,True
llama3:8b-instruct-q4_K_M,1,48,quantity,german,"Nachdem er in ein neues Viertel gezogen ist, bemerkt Felix ein Schild, das besagt, dass der örtliche Zug nicht fährt. Als er Anna, die aus der Gegend stammt, fragt, ob dort immer keine Züge fahren, sagt sie:

""Es ist manchmal so.""

Wählen Sie die passendste Bedeutung der obigen Äußerung aus den folgenden Aussagen aus.
(A) Anna ermutigt Felix, einen Job bei der Eisenbahngesellschaft zu bekommen.
(B) Der Zug fährt manchmal nicht.
(C) Es ist nicht ratsam, in dieser Gegend mit dem Zug zu fahren.
(D) Es ist nicht der Fall, dass immer keine Züge fahren.
(E) Keine der obigen Aussagen ist richtig.","Die richtige Antwort ist (D) Es ist nicht der Fall, dass immer keine Züge fahren.

Anna sagt ""Es ist manchmal so"", was bedeutet, dass der Zug nicht immer fährt, aber auch nicht nie. Sie gibt also keine bestimmte Information über den Fahrplan, sondern gibt nur eine allgemeine Antwort auf Felix' Frage.",D,D,True
llama3:8b-instruct-q4_K_M,1,53,quantity,german,"Anna fragt Felix, warum er plötzlich beschlossen hat, im Ausland zu studieren, woraufhin Felix antwortet:

""Man lebt nur einmal.""

Wählen Sie die passendste Bedeutung der obigen Äußerung aus den folgenden Aussagen aus.
(A) Felix beschloss, im Ausland zu studieren, weil seine Eltern ihn dazu ermutigten.
(B) Man muss lange überlegen, bevor man sich für ein Studium im Ausland entscheidet.
(C) Felix entschied sich für ein Studium im Ausland, weil es egal ist, was im Leben passiert.
(D) Niemand kann seine eigene Zukunft vorhersagen.
(E) Keine der obigen Aussagen ist richtig.","Die passendste Bedeutung der Äußerung ""Man lebt nur einmal"" ist:

(E) Keine der obigen Aussagen ist richtig.

Die Äußerung ""Man lebt nur einmal"" ist eine philosophische Maxime, die besagt, dass das Leben ein einmaliger und unersetzbarer Prozess ist. Es gibt keine zweite Chance, um bestimmte Erfahrungen zu sammeln oder Entscheidungen zu treffen. Deshalb ist es wichtig, die Gelegenheiten zu nutzen, die man hat. In diesem Kontext könnte Felix damit andeuten, dass er sich entschieden hat, im Ausland zu studieren, weil er nicht will, dass er sich später vor sich selbst Reue macht, weil er nicht den Mut gehabt hat, diese Gelegenheit zu nutzen.",E,E,True
llama3:8b-instruct-q4_K_M,1,55,quantity,german,"Felix trägt eine schwere Tasche. Als der Professor ihn fragte, ob er alles allein tragen könne, sagte er:

""Herr Professor, ich bin ein Mann.""

Wählen Sie die passendste Bedeutung der obigen Äußerung aus den folgenden Aussagen aus.
(A) Felix kann das ganze Gepäck nicht allein tragen.
(B) Der Professor ist biologisch ein Mann.
(C) Felix hat eine Geschlechtsumwandlung zum Mann vollzogen.
(D) Felix hat eine Freundin.
(E) Keine der obigen Aussagen ist richtig.","Die passendste Bedeutung ist (A) Felix kann das ganze Gepäck nicht allein tragen.

Die Äußerung ""Ich bin ein Mann"" ist eine Idiom, das bedeutet, dass Felix sich selbst als stark und in der Lage, die Last allein zu tragen, darstellt. Es ist keine Aussage über seine Geschlecht oder seine Beziehungen, sondern eine rhetorische Frage, um den Professor zu überzeugen, dass er die Last allein tragen kann.",A,E,False
llama3:8b-instruct-q4_K_M,1,60,quantity,german,"Felix ist mit seiner Familie im Kino. Als seine Freundin Anna ihn wiederholt fragt, wo er sei, sagt er:

""Ich sitze auf dem 12. Stuhl in Reihe J, Kino 3, 6. Stock, Megabox, Shillim.""

Wählen Sie die passendste Bedeutung der obigen Äußerung aus den folgenden Aussagen aus.
(A) Felix' Familie ist über Annas Fragen nicht erfreut.
(B) Felix sitzt in Reihe J in Kinosaal #4.
(C) Er ist enttäuscht, dass Anna nicht noch mehr Fragen stellt.
(D) Er hat vor, das Kino zu verlassen.
(E) Keine der obigen Aussagen ist richtig.","Die passendste Bedeutung ist (E) Keine der obigen Aussagen ist richtig.

Die Äußerung von Felix gibt nicht an, dass er oder seine Familie unglücklich sind, dass er in einem bestimmten Kinosaal sitzt, dass er enttäuscht ist oder dass er das Kino verlassen will. Stattdessen gibt er Anna eine genaue Adresse, um ihn zu finden.",E,E,True
llama3:8b-instruct-q4_K_M,1,65,quality,german,"Anna hatte immer Verständnis, wenn sie sah, wie ihr Mann im betrunkenen Zustand Fehler machte. Annas Freund Felix sagte zu ihr:

""Du bist ein Bodhisattva.""

Wählen Sie die passendste Bedeutung der obigen Äußerung aus den folgenden Aussagen aus.
(A) Anna ist sehr geduldig.
(B) Anna ist ein Bodhisattva im Sinne des Buddhismus.
(C) Es ist schön, Anna und ihren Mann zusammen zu sehen.
(D) Anna hat viel zugenommen.
(E) Keine der obigen Aussagen ist richtig.","Die passendste Bedeutung ist (A) Anna ist sehr geduldig.

Ein Bodhisattva ist im Buddhismus ein Erleuchteter, der sich für die Erlösung anderer Menschen einsetzt. Die Äußerung ""Du bist ein Bodhisattva"" bedeutet jedoch in diesem Kontext, dass Anna sehr tolerant und verständnisvoll ist, wenn ihr Mann Fehler macht, weil sie ihn in seinem betrunkenen Zustand nicht verurteilt. Sie zeigt eine große Geduld und Nachsicht, was im Buddhismus ein wichtiger Aspekt von Bodhisattva-Tätigkeit ist.",A,A,True
llama3:8b-instruct-q4_K_M,1,67,quality,german,"Während Felix auf seiner Geige übte, sagte Anna, die zuhörte:

""Mein Hund kann das besser.""

Wählen Sie die passendste Bedeutung der obigen Äußerung aus den folgenden Aussagen aus.
(A) Felixs Geigenspiel ist schlecht.
(B) Der Welpe von Anna spielt besser Geige als Felix.
(C) Felix' Geigenspiel ist gut genug, um einen Hund zu beeindrucken.
(D) Felix hat eine Katze.
(E) Keine der obigen Aussagen ist richtig.","Die passendste Bedeutung ist (A) Felixs Geigenspiel ist schlecht.

Anna sagt, dass ihr Hund das besser kann, was Felix auf seiner Geige übt. Dies bedeutet, dass Anna Felixs Geigenspiel nicht gut findet und dass ihr Hund, der ja ein Tier ist, besser darin ist, was auch eine Kritik an Felix' Fähigkeiten ist.",A,A,True
llama3:8b-instruct-q4_K_M,1,72,quality,german,"Als sie sah, dass es bei Felix eine Menge Fertiggerichte, Snacks und Getränke gab, sagte Anna:

""Du hast einen Lebensmittelladen eröffnet.""

Wählen Sie die passendste Bedeutung der obigen Äußerung aus den folgenden Aussagen aus.
(A) Felix kauft eine ungewöhnlich große Menge Instantnudeln, Süßigkeiten und Getränke.
(B) Felix hat einen Lebensmittelladen eröffnet.
(C) Anna hofft, dass Felix wieder in den Lebensmittelladen geht und mehr Snacks kauft.
(D) Felix ist bei seinen Freunden sehr beliebt.
(E) Keine der obigen Aussagen ist richtig.","Die passendste Bedeutung ist:

(B) Felix hat einen Lebensmittelladen eröffnet.

Die Äußerung von Anna suggeriert, dass Felix eine große Auswahl an Fertiggerichten, Snacks und Getränken hat, was angenommen wird, dass er einen Lebensmittelladen eröffnet hat.",B,A,False
llama3:8b-instruct-q4_K_M,1,77,quality,german,"Als Felix Anna beim Singen sieht, während sie sich auf ihr Vorsingen vorbereitet, sagt er:

""Du bist doch schon eine Sängerin.""

Wählen Sie die passendste Bedeutung der obigen Äußerung aus den folgenden Aussagen aus.
(A) Anna ist bereits eine Sängerin.
(B) Anna kann sehr gut singen.
(C) Anna nimmt an vielen Vorsingen teil.
(D) Anna hat ein Talent zum Schreiben.
(E) Keine der obigen Aussagen ist richtig.","Die richtige Antwort ist (B) Anna kann sehr gut singen.

Die Äußerung von Felix Anna bedeutet, dass er Anna nach dem Singen bewundert und anerkennt, dass sie eine gute Sängerin ist. Er wirkt sich nicht auf ihre professionelle Karriere als Sängerin aus oder auf ihre Teilnahme an Vorsingen, sondern auf ihre Fähigkeit, gut zu singen.",B,B,True
llama3:8b-instruct-q4_K_M,1,79,quality,german,"Als Anna Felix fragt, ob er gestern nicht auch schon in der Bibliothek war, sagt Felix ihr:

""Du bist ein Detektivin.""

Wählen Sie die passendste Bedeutung der obigen Äußerung aus den folgenden Aussagen aus.
(A) Anna arbeitet als Detektivin.
(B) Felix war gestern in der Bibliothek.
(C) Die Bewegungen von Anna sind schnell.
(D) Anna hat einen jüngeren Bruder.
(E) Keine der obigen Aussagen ist richtig.","Die passendste Bedeutung ist (E) Keine der obigen Aussagen ist richtig.

Felix' Äußerung ""Du bist ein Detektivin"" bedeutet, dass Anna nach seiner Meinung versucht, die Wahrheit über seine Anwesenheit in der Bibliothek aufzudecken. Es handelt sich also um eine metaphorische oder ironische Äußerung, die keine tatsächliche Information über Annas Beruf oder Persönlichkeit enthält.",E,B,False
llama3:8b-instruct-q4_K_M,1,83,quality,german,"Als Felix sieht, dass Anna viel Arbeit hat, sagt er ihr:

""Du hast zehn Hände.""

Wählen Sie die passendste Bedeutung der obigen Äußerung aus den folgenden Aussagen aus.
(A) Anna hat zehn Hände.
(B) Anna ist gut in ihrer Arbeit.
(C) Anna beeilt sich nicht bei ihrer Arbeit.
(D) Anna hat große Handflächen.
(E) Keine der obigen Aussagen ist richtig.","Die passendste Bedeutung ist:

(E) Keine der obigen Aussagen ist richtig.

Die Äußerung ""Du hast zehn Hände"" ist eine metaphorische Ausdrucksweise, die bedeutet, dass Anna sehr viel zu erledigen hat (wie jemand, der zehn Hände hätte, um alles zu erledigen). Es gibt keine konkrete Handlung oder Eigenschaft, die Anna zugeordnet werden kann.",E,B,False
llama3:8b-instruct-q4_K_M,1,84,quality,german,"Anna trank eine Flasche Whisky und sagte:

""Ich habe zwei Lebern.""

Wählen Sie die passendste Bedeutung der obigen Äußerung aus den folgenden Aussagen aus.
(A) Anna hat zwei Lebern in ihrem Körper.
(B) Anna kann viel Alkohol trinken.
(C) Annas Körper hat eine sehr schlechte Entgiftungsfähigkeit.
(D) Anna ist jung.
(E) Keine der obigen Aussagen ist richtig.","Die passendste Bedeutung ist:

(E) Keine der obigen Aussagen ist richtig.

Die Aussage ""Ich habe zwei Lebern"" ist ein Wortspiel, das auf die englische Sprache anspielt, in der ""liver"" für die Leber bedeutet. Anna sagt also nicht, dass sie zwei Lebern im Körper hat, sondern dass sie zwei ""Lebern"" hat, was auf die englische Aussage ""I have two livers"" hinausläuft, die bedeutet, dass sie zwei Flaschen Whisky hat.",E,B,False
llama3:8b-instruct-q4_K_M,1,89,quality,german,"Felix erzählt Anna, dass Max seinen Freunden erzählt hat, dass Anna in einem Kurs, den sie im letzten Semester belegt hat, eine Fünf bekommen hat. Daraufhin sagt sie:

""Er ist ein Engel.""

Wählen Sie die passendste Bedeutung der obigen Äußerung aus den folgenden Aussagen aus.
(A) Anna ist Felix dankbar, dass er ihr von Max' Verhalten erzählt hat.
(B) Anna findet es nett von Max, dass er Annas Neuigkeiten mit seinen Freunden teilt.
(C) Anna findet Max' Verhalten nicht gut.
(D) Max strebt einen Abschluss im nächsten Semester an.
(E) Keine der obigen Aussagen ist richtig.","Die passendste Bedeutung ist (C) Anna findet Max' Verhalten nicht gut.

Die Äußerung ""Er ist ein Engel"" ist eine Idiom, das in diesem Kontext bedeutet, dass jemand sehr freundlich und nett ist. In diesem Fall bedeutet es, dass Max sehr nett und freundlich war, dass er Anna nicht schlecht über ihre Leistung im Kurs erzählt hat. Anna schätzt Max' Verhalten und findet es positiv.",C,C,True
llama3:8b-instruct-q4_K_M,1,91,quality,german,"Am Tag eines Picknicks mit ihren Freunden sah Anna am Morgen, wie es vor ihrem Fenster in Strömen regnete:

""Das ist ein fantastisches Wetter.""

Wählen Sie die passendste Bedeutung der obigen Äußerung aus den folgenden Aussagen aus.
(A) Anna ist an regnerische Vormittage gewöhnt.
(B) Anna mag das regnerische Wetter.
(C) Anna mag das regnerische Wetter nicht.
(D) Anna sorgt sich darüber, was sie mit ihren Freunden zum Mittagessen essen soll.
(E) Keine der obigen Aussagen ist richtig.","Die passendste Bedeutung der Äußerung ist:

(B) Anna mag das regnerische Wetter.

Anna sagt ""Das ist ein fantastisches Wetter"", obwohl es regnet. Dies zeigt, dass sie das regnerische Wetter nicht als unangenehm oder unpassend für einen Picknicktag ansieht, sondern es sogar als ""fantastisch"" bezeichnet. Dies weist darauf hin, dass Anna das regnerische Wetter mögen muss.",B,C,False
llama3:8b-instruct-q4_K_M,1,95,quality,german,"Als Anna hörte, dass eine Mutter ihr Kind zu Unrecht nicht zurückbekommen konnte, sagte sie zu Felix, der neben ihr stand:

""Unser Land ist ein großartiges Land, nicht wahr?""

Wählen Sie die passendste Bedeutung der obigen Äußerung aus den folgenden Aussagen aus.
(A) Das Straßenverkehrsnetz ist auf dem Niveau der entwickelten Länder.
(B) Das Fehlen harter Strafen trägt zur Verbesserung der Lebensqualität bei.
(C) Anna ist unglücklich darüber, dass Menschen aufgrund des Gesetzes ungerecht behandelt werden.
(D) Bildung ist wichtig für die Wettbewerbsfähigkeit des Landes.
(E) Keine der obigen Aussagen ist richtig.","Die passendste Bedeutung ist:

(C) Anna ist unglücklich darüber, dass Menschen aufgrund des Gesetzes ungerecht behandelt werden.

Anna äußert sich positiv über ihr Land, aber ihre Worte sind ironisch, weil sie sich über die Ungerechtigkeit im Gesetz aufgebracht hat. Sie ist enttäuscht, dass ein Kind nicht seinem rechtmäßigen Elternteil zurückgegeben werden kann.",C,C,True
llama3:8b-instruct-q4_K_M,1,96,quality,german,"Anna macht sich Gedanken über den Kauf eines neuen Laptops, weil ihr Laptop kaputt ist und sich nicht mehr einschalten lässt. Zu dieser Zeit kam Felix vorbei und nachdem er etwas an Annas kaputtem Computer herumfummelte, funktionierte er wieder. Anna sagte:

""Du bist ein Zauberer.""

Wählen Sie die passendste Bedeutung der obigen Äußerung aus den folgenden Aussagen aus.
(A) Anna mag Harry Potter.
(B) Felix hat den Laptop mit seiner Magie repariert.
(C) Felix' Talent, Laptops zu reparieren, ist erstaunlich.
(D) Felix hat Informatik an der Uni studiert.
(E) Keine der obigen Aussagen ist richtig.","Die passendste Bedeutung ist:

(C) Felix' Talent, Laptops zu reparieren, ist erstaunlich.

Anna sagt, dass Felix ein Zauberer ist, weil er es geschafft hat, den kaputten Laptop wieder zu reparieren, was für sie unerklärbar ist. Sie nimmt an, dass Felix besondere Fähigkeiten oder Fähigkeiten besitzt, die es ihm ermöglichen, den Laptop wieder zu reparieren.",C,C,True
llama3:8b-instruct-q4_K_M,1,101,quality,german,"In der Bibliothek fand Felix Anna, die eifrig tippte, um einen Abgabetermin für ein Manuskript einzuhalten, und sprach sie an:

""Ich kann deine Hände nicht sehen.""

Wählen Sie die passendste Bedeutung der obigen Äußerung aus den folgenden Aussagen aus.
(A) Felix macht sich Sorgen um Annas Gesundheit.
(B) Felix kann Annas Hände nicht mit bloßem Auge sehen.
(C) Anna benutzt das neueste Laptopmodell.
(D) Annas Tippgeschwindigkeit ist sehr hoch.
(E) Keine der obigen Aussagen ist richtig.","Die passendste Bedeutung ist (B) Felix kann Annas Hände nicht mit bloßem Auge sehen.

Die Äußerung ""Ich kann deine Hände nicht sehen"" bedeutet, dass Felix Anna nicht sehen kann, wie Anna ihre Hände benutzt, um zu tippen. Es gibt keine Anhaltspunkte für die anderen Möglichkeiten.",B,D,False
llama3:8b-instruct-q4_K_M,1,103,quality,german,"Anna überlegt sich eine neue Idee, die sie bei einem Designwettbewerb einreichen will. Als ihr nichts einfällt, mit dem sie zufrieden ist, sagt sie zu Felix:

""Alle Falten in meinem Gehirn sind geglättet worden.

Wählen Sie die passendste Bedeutung der obigen Äußerung aus den folgenden Aussagen aus.
(A) Felix ist nicht so kreativ wie Anna.
(B) Die Falten in ihrem Gehirn sind geglättet worden, wodurch sich das Volumen ihres Gehirns reduziert hat.
(C) Anna hat Hirnforschung studiert.
(D) Annas Kreativität ist erschöpft.
(E) Keine der obigen Aussagen ist richtig.","Die passendste Bedeutung ist (D) Annas Kreativität ist erschöpft.

Die Äußerung ""Alle Falten in meinem Gehirn sind geglättet worden"" ist eine Metapher, die die Kreativität und den kreativen Prozess beschreibt. Die ""Falten"" im Gehirn symbolisieren die Ideen und Konzepte, die sich in Annas Kopf sammeln. Wenn sie sagt, dass alle Falten geglättet worden sind, meint sie, dass ihre Kreativität erschöpft ist und keine neuen Ideen mehr auftreten.",D,D,True
llama3:8b-instruct-q4_K_M,1,107,quality,german,"Im neuen Semester hat Felix denselben Kurs wie Anna, und er fragt sie, wie der kursleitende Professor ist:

""Du solltest nicht einmal in den Schatten dieses Professors treten.""

Wählen Sie die passendste Bedeutung der obigen Äußerung aus den folgenden Aussagen aus.
(A) Anna bereut es, den Kurs des Professors belegt zu haben.
(B) Der Professor mag es nicht, über seinen eigenen Schatten zu springen.
(C) Der Professor bleibt oft bis spät in die Nacht auf und forscht in seinem Labor.
(D) Die Persönlichkeit des Professors ist sehr anspruchsvoll.
(E) Keine der obigen Aussagen ist richtig.","Die passendste Bedeutung ist:

(D) Die Persönlichkeit des Professors ist sehr anspruchsvoll.

Die Äußerung ""Du solltest nicht einmal in den Schatten dieses Professors treten"" bedeutet, dass der Professor sehr großartig und beeindruckend ist, dass man sich nicht wagen sollte, sich ihm zu nähern oder ihn zu übertreffen. Dies weist auf eine anspruchsvolle Persönlichkeit hin.",D,D,True
llama3:8b-instruct-q4_K_M,1,108,quality,german,"Während Anna im Park spazieren ging, hörte sie plötzlich ein Gewitter und flüchtete schnell in ein nahegelegenes Gebäude. Sie schaute nach draußen und sagte:

""Da ist ein Loch im Himmel.""

Wählen Sie die passendste Bedeutung der obigen Äußerung aus den folgenden Aussagen aus.
(A) Anna langweilt sich bei ihrem Spaziergang im Park.
(B) Ein Loch in der Ozonschicht hat einen starken Blitzeinschläge verursacht.
(C) Felix' Tasche wurde durchlöchert.
(D) Es tobt ein heftiges, unerwartetes Unwetter.
(E) Keine der obigen Aussagen ist richtig.","Die richtige Antwort ist (D) Es tobt ein heftiges, unerwartetes Unwetter.

Anna flüchtete in ein nahegelegenes Gebäude, weil ein Gewitter aufgezogen war. Als sie nach draußen schaut, bemerkt sie, dass ein Gewitter losbricht, was sie beschreibt, indem sie sagt: ""Da ist ein Loch im Himmel"". Dies ist eine metaphorische Beschreibung des Gewitters, das wie ein Loch in den Himmel aussieht.",D,D,True
llama3:8b-instruct-q4_K_M,1,113,quality,german,"Felix kommt etwa 10 Minuten zu spät zu seiner Verabredung mit Anna, und Anna sagt zu ihm:

""Du bist so ein pflichtbewusster Mensch.""

Wählen Sie die passendste Bedeutung der obigen Äußerung aus den folgenden Aussagen aus.
(A) Anna macht sich Sorgen um die Gesundheit von Max.
(B) Felix ist von Natur aus ein pflichtbewusster Mensch.
(C) Das Treffen ist zu weit weg, als dass Felix pünktlich erscheinen könnte.
(D) Anna hat genug Zeit übrig.
(E) Keine der obigen Aussagen ist richtig.","Die passendste Bedeutung ist (E) Keine der obigen Aussagen ist richtig.

Die Äußerung ""Du bist so ein pflichtbewusster Mensch"" bedeutet, dass Anna Felix für seine Pünktlichkeit und Zuverlässigkeit kritisiert. Felix ist zu spät zu seiner Verabredung, was Anna enttäuscht hat. Die Aussage hat nichts mit Max' Gesundheit, Felix' Natur oder dem Abstand zwischen den Treffpunkten zu tun.",E,E,True
llama3:8b-instruct-q4_K_M,1,115,quality,german,"Felix lud Anna ein, ein Stück in seinem neuen Theaterclub zu besuchen. Nach der Aufführung erhielt er viel Beifall. Danach traf sich Anna mit Felix und sagte:

""Du bist Chamäleon.""

Wählen Sie die passendste Bedeutung der obigen Äußerung aus den folgenden Aussagen aus.
(A) Felix hat seine Rolle in dem Stück nicht gut gespielt.
(B) Während Felix spielte, veränderte sich seine Körperfarbe.
(C) Felix war ein Statist in dem Stück.
(D) Anna hat viel Erfahrung mit dem Theaterspiel.
(E) Keine der obigen Aussagen ist richtig.","Die passendste Bedeutung der Äußerung ist (A) Felix hat seine Rolle in dem Stück nicht gut gespielt.

Das Wort ""Chamäleon"" ist ein metaphorisches Ausdruck, der jemanden beschreibt, der sich leicht anpasst oder sich verändert, um an seine Umgebung anzupassen. In diesem Kontext bedeutet es, dass Felix sich während der Aufführung so verändert hat, dass er nicht mehr an seine Rolle erinnert, sondern sich an die Rolle anpasst. Dies könnte bedeuteln, dass Felix seine Rolle nicht gut gespielt hat, sondern sich an die Rolle angepasst hat.",A,E,False
llama3:8b-instruct-q4_K_M,1,120,quality,german,"Im Matheunterricht bringt eine Lehrerin ihren Schülern ein neues Konzept bei. Nach der Stunde sagt Felix zu Anna:

""Ich habe kein einziges Wort verstanden.""

Wählen Sie die passendste Bedeutung der obigen Äußerung aus den folgenden Aussagen aus.
(A) Felix hat alles verstanden, was der Lehrer im Unterricht gesagt hat.
(B) Felix hatte eine Sehschwäche und konnte nicht sehen, was an der Tafel geschrieben stand.
(C) Anna hat ein Talent für Naturwissenschaften.
(D) Die Lehrerin pflegt ein gutes Verhältnis zu ihren Schülern.
(E) Keine der obigen Aussagen ist richtig.","Die passendste Bedeutung ist:

(E) Keine der obigen Aussagen ist richtig.

Die Äußerung ""Ich habe kein einziges Wort verstanden"" bedeutet, dass Felix nichts verstanden hat, was die Lehrerin im Unterricht gesagt hat. Dies widerspricht Aussage (A), die behauptet, dass Felix alles verstanden hat. Es gibt auch keine Anhaltspunkte dafür, dass Felix eine Sehschwäche hat (B) oder dass Anna ein Talent für Naturwissenschaften hat (C). Die Beziehung zwischen der Lehrerin und Felix ist auch nicht relevant für die Äußerung (D).",E,E,True
llama3:8b-instruct-q4_K_M,1,125,relation,german,"Als Felix Anna vorschlug, am Abend gemeinsam ins Kino zu gehen, sagte Anna:

""Ich habe morgen einen Vortrag auf der Konferenz.""

Wählen Sie die passendste Bedeutung der obigen Äußerung aus den folgenden Aussagen aus.
(A) Anna kann am Abend nicht ins Kino gehen.
(B) Anna hat vor, morgen auf der Konferenz einen Vortrag zu halten.
(C) Anna kann am nächsten Tag mit Felix ins Kino gehen.
(D) Felix plant einen Sommerurlaub mit Anna.
(E) Keine der obigen Aussagen ist richtig.","Die passendste Bedeutung ist:

(B) Anna hat vor, morgen auf der Konferenz einen Vortrag zu halten.

Anna sagt, dass sie morgen einen Vortrag auf der Konferenz hat, was bedeutet, dass sie am Abend nicht ins Kino gehen kann. Dies entspricht Aussage (A). Die anderen Optionen sind nicht passend.",B,A,False
llama3:8b-instruct-q4_K_M,1,127,relation,german,"Als ein Kollege Felix beim Firmenessen fragte, ob er Alkohol trinken wolle, sagte Felix:

""Ich bin mit dem Auto gekommen.""

Wählen Sie die passendste Bedeutung der obigen Äußerung aus den folgenden Aussagen aus.
(A) Felix will keinen Alkohol trinken.
(B) Felix' Auto steht auf dem Parkplatz.
(C) Felix gedenkt, ein alkoholisches Getränk zu trinken.
(D) Felix hat vor, umzuziehen.
(E) Keine der obigen Aussagen ist richtig.","Die richtige Antwort ist (A) Felix will keinen Alkohol trinken.

Die Äußerung ""Ich bin mit dem Auto gekommen"" bedeutet, dass Felix nicht zu Fuß oder mit öffentlichen Verkehrsmitteln kam, sondern mit seinem eigenen Auto. Das ist ein Hinweis darauf, dass er nicht getrunken hat, da er nicht sicher und ohne Verantwortung wäre, wenn er alkoholisiert gefahren wäre.",A,A,True
llama3:8b-instruct-q4_K_M,1,132,relation,german,"Felix ging mit seiner Mutter in ein Elektronikgeschäft, um einen Laptop für das neue Schuljahr zu kaufen. Als er seiner Mutter sagte, dass der Laptop 1.000 Euro kostet, sagte sie:

""Das ist der Preis für einen Kühlschrank.""

Wählen Sie die passendste Bedeutung der obigen Äußerung aus den folgenden Aussagen aus.
(A) Der Preis des Laptops ist zu hoch.
(B) Der Preis des Laptops und der eines Kühlschranks sind ähnlich.
(C) Der Kühlschrank ist genauso billig wie der Laptop.
(D) Felix' Mutter überlegt, einen Kühlschrank zu kaufen.
(E) Keine der obigen Aussagen ist richtig.","Die passendste Bedeutung ist:

(A) Der Preis des Laptops ist zu hoch.

Die Mutter sagt, dass der Preis des Laptops (1.000 Euro) der Preis für einen Kühlschrank ist. Das bedeutet, dass sie den Preis für den Laptop für unangemessen oder zu hoch hält.",A,A,True
llama3:8b-instruct-q4_K_M,1,137,relation,german,"Als Felix die Straße entlang ging, traf er auf einige umherstreifende Christen. Als sie ihn darum baten, einen Fragebogen auszufüllen, sagte er Folgendes:

""Ich bin Buddhist.""

Wählen Sie die passendste Bedeutung der obigen Äußerung aus den folgenden Aussagen aus.
(A) Felix glaubt an die Lehren des Buddhismus.
(B) Felix möchte den Fragebogen nicht ausfüllen.
(C) Felix erwägt, zum Christentum zu konvertieren.
(D) Felix bereitet sich auf einen Kanji-Test vor.
(E) Keine der obigen Aussagen ist richtig.","Die richtige Antwort ist (A) Felix glaubt an die Lehren des Buddhismus.

Felix sagte ""Ich bin Buddhist"", was bedeutet, dass er sich als Buddhist identifiziert und an die Lehren des Buddhismus glaubt.",A,B,False
llama3:8b-instruct-q4_K_M,1,139,relation,german,"Felix schlug Anna vor, am nächsten Morgen zusammen joggen zu gehen, woraufhin Anna sagte:

""Ich habe einen Bänderriss im Knie.""

Wählen Sie die passendste Bedeutung der obigen Äußerung aus den folgenden Aussagen aus.
(A) Anna hat sich schon einmal einen Bänderriss im Knie zugezogen.
(B) Anna kann nicht mit ihm joggen gehen.
(C) Anna geht jeden Morgen joggen.
(D) Anna wurde zum Geburtstag einer Freundin eingeladen.
(E) Keine der obigen Aussagen ist richtig.","Die passendste Bedeutung ist:

(B) Anna kann nicht mit ihm joggen gehen.

Anna gibt an, dass sie einen Bänderriss im Knie hat, was bedeutet, dass sie momentan nicht in der Lage ist, zu joggen oder sich anderen körperlichen Aktivitäten zu unterziehen.",B,B,True
llama3:8b-instruct-q4_K_M,1,144,relation,german,"Auf die Frage seiner Mutter, ob er morgen zur Arbeit gehen würde, antwortete Felix:

""Ich werde morgen ausschlafen.""

Wählen Sie die passendste Bedeutung der obigen Äußerung aus den folgenden Aussagen aus.
(A) Felix hat vor, am nächsten Tag auszuschlafen.
(B) Felix plant, am nächsten Tag nicht zur Arbeit zu gehen.
(C) Es gefällt Felix nicht, dass er morgen zur Arbeit gehen muss.
(D) Dieser Tage herrscht eine Erkältungswelle.
(E) Keine der obigen Aussagen ist richtig.","Die passendste Bedeutung ist:

(B) Felix plant, am nächsten Tag nicht zur Arbeit zu gehen.

Felix sagt, dass er ""ausschlafen"" wird, was bedeutet, dass er vorhat, den nächsten Tag auszuschlafen, anstatt zur Arbeit zu gehen.",B,B,True
llama3:8b-instruct-q4_K_M,1,149,relation,german,"Anna fragte Felix, ob er zu Abend gegessen habe. Daraufhin sagte Felix:

""Ich bin gerade nach Hause gekommen.""

Wählen Sie die passendste Bedeutung der obigen Äußerung aus den folgenden Aussagen aus.
(A) Anna hat vor einer Weile zu Abend gegessen.
(B) Felix hat zu Hause zu Abend gegessen.
(C) Felix hat noch nicht zu Abend gegessen.
(D) Anna und Felix haben zusammen zu Abend gegessen.
(E) Keine der obigen Aussagen ist richtig.","Die passendste Bedeutung ist:

(C) Felix hat noch nicht zu Abend gegessen.

Felix sagt, dass er ""gerade nach Hause gekommen"" ist, was bedeutet, dass er erst kürzlich nach Hause gekommen ist und noch nicht zu Abend gegessen hat.",C,C,True
llama3:8b-instruct-q4_K_M,1,151,relation,german,"Felix fragte Anna, ob sie mit ihm zum Zelten in die Berge gehen wolle. Daraufhin sagte Anna:

""Ich hasse Käfer.""

Wählen Sie die passendste Bedeutung der obigen Äußerung aus den folgenden Aussagen aus.
(A) Felix und Anna zelten gerne.
(B) Anna mag keine Käfer.
(C) Anna möchte nicht in den Bergen zelten.
(D) Es gibt viele Käfer in den Bergen.
(E) Keine der obigen Aussagen ist richtig.","Die passendste Bedeutung ist (C) Anna möchte nicht in den Bergen zelten.

Anna sagt ""Ich hasse Käfer"", was bedeutet, dass sie eine Abneigung gegen Käfer hat. Da Felix sie gefragt hat, ob sie mit ihm zum Zelten in die Berge gehen wolle, kann man schließen, dass Anna diesem Angebot abgesagt hat, weil sie möglicherweise Angst vor Käfer hat oder sie einfach nicht in den Bergen zelten möchte.",C,C,True
llama3:8b-instruct-q4_K_M,1,155,relation,german,"Anna und Felix telefonieren miteinander. Anna fragt Felix, ob er abends etwas trinken gehen möchte, woraufhin Felix sagt:

""Meine Schwiegermutter ist zu Hause.""

Wählen Sie die passendste Bedeutung der obigen Äußerung aus den folgenden Aussagen aus.
(A) Felix wird abends mit seiner Schwiegermutter etwas trinken gehen.
(B) Felix verbringt viel Zeit mit seiner Schwiegermutter zu Hause.
(C) Felix kann am Abend nicht ausgehen.
(D) Die Schwiegermutter mag ihren Schwiegersohn.
(E) Keine der obigen Aussagen ist richtig.","Die korrekte Antwort ist (C) Felix kann am Abend nicht ausgehen.

Die Aussage ""Meine Schwiegermutter ist zu Hause"" bedeutet, dass Felix' Schwiegermutter zu Hause ist und er deshalb nicht ausgehen kann, weil er sich um sie kümmern muss.",C,C,True
llama3:8b-instruct-q4_K_M,1,156,relation,german,"Felix fragte Anna, ob es in Ordnung sei, dass sie Alkohol trinke, woraufhin sie sagte:

""Ich bin heute mit der U-Bahn gekommen.""

Wählen Sie die passendste Bedeutung der obigen Äußerung aus den folgenden Aussagen aus.
(A) Man sollte nicht betrunken mit der U-Bahn fahren.
(B) Anna fährt mit der U-Bahn zur Arbeit.
(C) Anna hat kein Problem damit, Alkohol zu trinken.
(D) Die Linie 2 ist immer voll.
(E) Keine der obigen Aussagen ist richtig.","Die passendste Bedeutung ist (A) Man sollte nicht betrunken mit der U-Bahn fahren.

Die Antwort von Anna ist ein Ausweichmanöver, um die Frage nicht direkt zu beantworten. Sie ändert das Thema und gibt eine irrelevant Information über ihre Reise mit der U-Bahn. Dies ist ein typisches Beispiel für eine Ausflucht, die oft verwendet wird, um eine unangenehme Frage zu umgehen.",A,C,False
llama3:8b-instruct-q4_K_M,1,161,relation,german,"Felix fragte Anna, ob sie ihm am Mittwoch bei der Post einen Brief per Einschreiben schicken könne, und Anna sagte:

""Mittwoch ist Feiertag.""

Wählen Sie die passendste Bedeutung der obigen Äußerung aus den folgenden Aussagen aus.
(A) Der Mai ist der Monat der Familie.
(B) Das Postamt ist mittwochs geschlossen.
(C) Felix geht am Feiertag zur Post.
(D) Anna kann am Mittwoch keine Briefe per Einschreiben verschicken.
(E) Keine der obigen Aussagen ist richtig.","Die passendste Bedeutung ist:

(D) Anna kann am Mittwoch keine Briefe per Einschreiben verschicken.

Anna gibt an, dass Mittwoch ein Feiertag ist, was bedeutet, dass die Postämter am Mittwoch geschlossen sind und deshalb Anna am Mittwoch keine Briefe per Einschreiben verschicken kann.",D,D,True
llama3:8b-instruct-q4_K_M,1,163,relation,german,"Felix fragt Anna, ob ihr der Film gefallen habe, den sie gestern gesehen hatte. Anna antwortet:

""Ich musste die ganze Zeit gähnen.""

Wählen Sie die passendste Bedeutung der obigen Äußerung aus den folgenden Aussagen aus.
(A) Der Film, den Anna gestern gesehen hatte, hat ihr gefallen.
(B) Anna ist sehr müde.
(C) Anna ist eingeschlafen, als sie den Film gesehen hatte.
(D) Anna war von dem Film gelangweilt, den sie gestern gesehen hatte.
(E) Keine der obigen Aussagen ist richtig.","Die passendste Bedeutung ist:

(D) Anna war von dem Film gelangweilt, den sie gestern gesehen hatte.

Anna sagt, dass sie die ganze Zeit gähnen musste, was bedeutet, dass sie während des Films langweilt und nicht aufmerksam war.",D,D,True
llama3:8b-instruct-q4_K_M,1,167,relation,german,"Felix fragte Anna, ob sie den Film gesehen habe, den ihr Lehrer empfohlen hatte. Daraufhin sagte Anna:

""Gestern gab es einen Stromausfall.""

Wählen Sie die passendste Bedeutung der obigen Äußerung aus den folgenden Aussagen aus.
(A) Der Lehrer hat einen guten Film empfohlen.
(B) In Annas Haus fällt oft der Strom aus.
(C) Felix hat den Film gesehen, den ihr Lehrer empfohlen hat.
(D) Anna hat den von ihrem Lehrer empfohlenen Film nicht gesehen.
(E) Keine der obigen Aussagen ist richtig.","Die passendste Bedeutung ist (D) Anna hat den von ihrem Lehrer empfohlenen Film nicht gesehen.

Anna sagt, dass ""gestern"" ein Stromausfall gab, was bedeutet, dass sie gestern nicht den Film gesehen hat, den ihr Lehrer empfohlen hatte.",D,D,True
llama3:8b-instruct-q4_K_M,1,168,relation,german,"Felix fragte Anna, ob sie eine gute Schwimmerin sei. Daraufhin sagte Anna:

""Ich wurde auf einer Insel geboren.""

Wählen Sie die passendste Bedeutung der obigen Äußerung aus den folgenden Aussagen aus.
(A) Es gibt viele Surfer auf der Insel.
(B) Annas Heimat ist eine Insel.
(C) Felix kann nicht schwimmen.
(D) Anna ist eine gute Schwimmerin.
(E) Keine der obigen Aussagen ist richtig.","Die passendste Bedeutung ist (B) Annas Heimat ist eine Insel.

Die Äußerung ""Ich wurde auf einer Insel geboren"" bedeutet, dass Anna auf einer Insel geboren wurde und somit möglicherweise nicht in der Lage ist, schwimmen zu lernen, da sie sich nie in einem Schwimmbecken befunden hat. Dies sagt jedoch nichts über Annas Fähigkeit, Schwimmen zu können, und ist keine direkte Antwort auf Felix' Frage.",B,D,False
llama3:8b-instruct-q4_K_M,1,173,relation,german,"Anna lud Felix ein, mit ihr schwimmen zu gehen, und Felix sagte:

""Ich schaue mal, ob ich zu Hause Schwimmsachen habe.""

Wählen Sie die passendste Bedeutung der obigen Äußerung aus den folgenden Aussagen aus.
(A) Felix arbeitet als Schwimmlehrer.
(B) In der Nähe seines Hauses gibt es ein Schwimmbad.
(C) Felix hat keine Lust, schwimmen zu gehen.
(D) Felix isst gerne spät am Abend.
(E) Keine der obigen Aussagen ist richtig.","Die richtige Antwort ist (E) Keine der obigen Aussagen ist richtig.

Die Äußerung ""Ich schaue mal, ob ich zu Hause Schwimmsachen habe"" bedeutet, dass Felix überprüft, ob er zu Hause Schwimmbekleidung (z.B. Badeanzüge, Schwimmhosen etc.) hat, bevor er mit Anna schwimmen geht. Es gibt keine Verbindung zu einem Schwimmlehrer, einem Schwimmbad in der Nähe seines Hauses oder einer Lust, spät am Abend zu essen.",E,E,True
llama3:8b-instruct-q4_K_M,1,175,relation,german,"Felix fragte Anna, ob sie im Sommer mit ihm ans Meer fahren wolle. Daraufhin sagte Anna:

""Ich habe Angst vor Wasser.""

Wählen Sie die passendste Bedeutung der obigen Äußerung aus den folgenden Aussagen aus.
(A) Anna ist bereit, einen Ausflug ans Meer zu machen.
(B) Anna gesteht, dass sie Höhenangst hat.
(C) Felix plant für den Sommer eine Reise an die Nordsee.
(D) Felix überlegt sich eine Methode, mit der Anna ihre Angst überwinden kann.
(E) Keine der obigen Aussagen ist richtig.","Die korrekte Antwort ist:

(E) Keine der obigen Aussagen ist richtig.

Anna sagt, sie habe Angst vor Wasser, was bedeutet, dass sie nicht bereit ist, ans Meer zu fahren, weil sie Angst vor dem Wasser hat. Dies widerspricht Aussage (A) und unterstützt keine der anderen Optionen.",E,E,True
llama3:8b-instruct-q4_K_M,1,179,relation,german,"Felix fragte Anna, deren Gesicht sehr blass aussah, ob sie krank sei, und Anna sagte:

""Ich habe gestern bei offenem Fenster geschlafen.""

Wählen Sie die passendste Bedeutung der obigen Äußerung aus den folgenden Aussagen aus.
(A) Anna ist gesund.
(B) Anna hat bei geschlossenem Fenster gut geschlafen.
(C) Anna möchte ein weiteres neues Fenster in ihrem Haus einbauen.
(D) Guter Schlaf ist wichtig für die Gesundheit.
(E) Keine der obigen Aussagen ist richtig.","Die passendste Bedeutung ist:

(E) Keine der obigen Aussagen ist richtig.

Die Aussage ""Ich habe gestern bei offenem Fenster geschlafen"" gibt keine Information über Annas Gesundheitszustand oder den Zustand ihres Fensters. Es handelt sich um eine ungewöhnliche Schlafweise, die möglicherweise auf eine besondere Umgebung hinweist, aber nicht unbedingt auf Annas Gesundheit oder das Zustand ihrer Fenster hinweist.",E,E,True
llama3:8b-instruct-q4_K_M,1,180,relation,german,"Am Telefon fragt Felix Anna, ob sie einen guten Flug nach Paris hatte. Daraufhin sagt Anna:

""Ich hatte vergessen, dass die Sommerzeit begonnen hat.""

Wählen Sie die passendste Bedeutung der obigen Äußerung aus den folgenden Aussagen aus.
(A) Anna hat ihren Flug nach Paris verpasst.
(B) In Deutschland hat gerade die Sommerzeit geendet.
(C) Anna ist mit dem Flugzeug auf dem Weg nach Paris.
(D) Studenten träumen davon, nach Asien zu reisen.
(E) Keine der obigen Aussagen ist richtig.","Die passendste Bedeutung ist:

(E) Keine der obigen Aussagen ist richtig.

Die Äußerung von Anna, ""Ich hatte vergessen, dass die Sommerzeit begonnen hat"", bedeutet, dass sie sich an die Zeitumstellung erinnert hat und nicht, dass sie einen Flug nach Paris hatte oder nicht.",E,E,True
llama3:8b-instruct-q4_K_M,1,185,manner,german,"Felix zeigte auf Annas Schwester auf dem Familienfoto und fragte, wer sie sei. Anna sagte

""Das ist die erste Tochter meiner Mutter.""

Wählen Sie die passendste Bedeutung der obigen Äußerung aus den folgenden Aussagen aus.
(A) Sie sind Schwestern.
(B) Sie ist die erste Tochter ihrer Mutter und nicht mit ihr blutsverwandt.
(C) Annas Ausdruck impliziert, dass ihre Beziehung zu ihrer Schwester geheimgehalten wird.
(D) Annas Schwester befindet sich in einer peinlichen Situation.
(E) Keine der obigen Aussagen ist richtig.","Die korrekte Antwort ist (A) Sie sind Schwestern.

Anna sagt, dass das Foto ihre Schwester zeigt, weil sie die erste Tochter ihrer Mutter ist. Das bedeutet, dass die Frau auf dem Foto die Schwester von Anna ist, da sie dieselbe Mutter haben.",A,A,True
llama3:8b-instruct-q4_K_M,1,187,manner,german,"Felix mag Anna, die er bei einem Blind Date kennengelernt hat, und will sie danach um ein weiteres Date bitten. Als Felix fragt, wann sie sich wieder treffen können, sagt Anna:

""Vielleicht irgendwann, wenn die Zeit gut ist.""

Wählen Sie die passendste Bedeutung der obigen Äußerung aus den folgenden Aussagen aus.
(A) Anna steht einem weiteren Date ablehnend gegenüber.     
(B) Anna schlägt vor, dass sie sich wieder treffen, wenn er Zeit hat.
(C) Anna würde sich gerne wieder treffen, aber sie hat kaum Zeit.
(D) Anna wird Felix' Eltern besuchen.
(E) Keine der obigen Aussagen ist richtig.","Die passendste Bedeutung ist (C) Anna würde sich gerne wieder treffen, aber sie hat kaum Zeit.

Anna's Antwort ""Vielleicht irgendwann, wenn die Zeit gut ist"" gibt nicht eindeutig eine Absage oder ein Ja zu einem weiteren Date preis. Sie gibt nur zu verstehen, dass sie sich gerne wieder sehen möchte, aber ihre Zeitplanung nicht ideal ist. Das bedeutet, dass sie Felix nicht ablehnt, sondern nur auf einen günstigeren Zeitpunkt wartet.",C,A,False
llama3:8b-instruct-q4_K_M,1,191,manner,german,"Als Anna sich Sorgen macht, ob das Geschenk, das sie ausgesucht hat, ihren Eltern gefallen wird, sagt Felix zu ihr:

""Ich habe noch nie jemanden getroffen, dem so etwas nicht gefallen hat.""

Wählen Sie die passendste Bedeutung der obigen Äußerung aus den folgenden Aussagen aus.
(A) Anna sollte sich keine Sorgen machen.
(B) Alle Empfänger von Geschenken, die Anna ausgesucht hat, mochten ihre Geschenke.
(C) Das Geschenk, das Anna ausgesucht hat, war relativ preiswert.
(D) Anna geht oft mit ihrer Mutter zum Essen.
(E) Keine der obigen Aussagen ist richtig.","Die passendste Bedeutung ist (A) Anna sollte sich keine Sorgen machen.

Felix' Äußerung bedeutet, dass er Anna versichert, dass das Geschenk, das sie ausgesucht hat, sicherlich gefallen wird, da er noch nie jemanden getroffen hat, dem ein Geschenk nicht gefallen hat. Dies entspricht der Bedeutung von (A), dass Anna sich keine Sorgen machen sollte.",A,A,True
llama3:8b-instruct-q4_K_M,1,192,manner,german,"Nachdem sie sich in ihrem neuen Zuhause umgesehen hatte, erzählte Anna dem Vermieter, als er sie fragte, wie sie das Zimmer finde:

""Es sieht nicht schlecht aus, aber ich muss noch darüber nachdenken.""

Wählen Sie die passendste Bedeutung der obigen Äußerung aus den folgenden Aussagen aus.
(A) Anna mag das Zimmer, das sie gesehen hat, nicht besonders.
(B) Das Zimmer, das Anna gesehen hat, gefällt ihr nicht, aber sie ist sich noch nicht sicher.
(C) Das Zimmer gefällt Anna so gut, dass sie sofort den Mietvertrag unterschreiben möchte.
(D) Anna möchte (lieber) in einem Studentenwohnheim wohnen.
(E) Keine der obigen Aussagen ist richtig.","Die passendste Bedeutung ist:

(B) Das Zimmer, das Anna gesehen hat, gefällt ihr nicht, aber sie ist sich noch nicht sicher.

Anna sagt, dass das Zimmer ""nicht schlecht"" aussieht, was bedeutet, dass es nicht schlecht ist, aber auch nicht besonders gut. Sie gibt zu, dass sie noch darüber nachdenken muss, was bedeutet, dass sie sich noch nicht entschieden hat, ob sie das Zimmer wirklich mögen oder nicht.",B,A,False
llama3:8b-instruct-q4_K_M,1,197,manner,german,"Als eine Ehefrau die neue Uhr ihres Mannes sieht und ihn fragt, wo er die Uhr gekauft hat, sagt er:

""Weißt du, gestern hat mein Kollege mich gebeten, ein Geschenk für seine Freundin auszusuchen, also bin ich mit ihm gegangen, und er hat diese Uhr gesehen und gesagt, dass sie mir sehr gut stehen würde...""

Wählen Sie die passendste Bedeutung der obigen Äußerung aus den folgenden Aussagen aus.
(A) Der Ehemann sah sich gezwungen, die Uhr aufgrund der Empfehlung seines Kollegen zu kaufen.
(B) Es war eine vernünftige Entscheidung, die Uhr zu kaufen.
(C) Der Ehemann hat die Freundin seines Kollegen kennengelernt.
(D) Der Ehemann wird eine Reise in die Schweiz machen, woher seine Uhr kommt.
(E) Keine der obigen Aussagen ist richtig.","Die passendste Bedeutung ist (A) Der Ehemann sah sich gezwungen, die Uhr aufgrund der Empfehlung seines Kollegen zu kaufen.

Die Aussage des Ehemannes bedeutet, dass er die Uhr nicht für sich selbst gekauft hat, sondern weil sein Kollege ihn gebeten hat, ein Geschenk für seine Freundin auszusuchen. Der Ehemann war also gezwungen, die Uhr zu kaufen, um seinem Kollegen zu helfen.",A,B,False
llama3:8b-instruct-q4_K_M,1,199,manner,german,"Als Anna, die normalerweise sehr gut lernt, ihn nach dem Schwierigkeitsgrad der Elektrikerprüfung fragt, sagt Felix:

""Ich würde nicht sagen, dass es einfach ist.""

Wählen Sie die passendste Bedeutung der obigen Äußerung aus den folgenden Aussagen aus.
(A) Egal wie man sich vorbereitet – man kann nicht sagen, dass sie einfach ist.
(B) Selbst für eine gute Schülerin wie Anna wird sie nicht einfach sein.
(C) Bisher hat noch niemand die Prüfung bestanden.
(D) Es ist schwierig, eine Panzerrüstung und eine gute Pferderasse zu finden.
(E) Keine der obigen Aussagen ist richtig.","Die passendste Bedeutung ist:

(B) Selbst für eine gute Schülerin wie Anna wird sie nicht einfach sein.

Felix sagt, dass er die Prüfung nicht einfach finden würde, was impliziert, dass sie für jemanden wie Anna, die normalerweise sehr gut lernt, auch nicht einfach sein wird.",B,B,True
llama3:8b-instruct-q4_K_M,1,204,manner,german,"Als Anna Felix fragt, ob er weiterhin für einen Chef arbeiten will, der unangemessene Forderungen an seine Untergebenen stellt, sagt er:

''Es ist nicht möglich, Nein zu sagen.''

Wählen Sie die passendste Bedeutung der obigen Äußerung aus den folgenden Aussagen aus.
(A) Felix hat nicht die Fähigkeit, laut nein zu sagen.
(B) Felix möchte unangemessenen Aufforderungen nicht nachkommen, hat aber keine andere Wahl.      
(C) Felix wird als Ausgleich vor seinem Chef befördert werden.
(D) Felix bereitet sich darauf vor, das Unternehmen im nächsten Monat zu verlassen.
(E) Keine der obigen Aussagen ist richtig.","Die passendste Bedeutung ist:

(B) Felix möchte unangemessenen Aufforderungen nicht nachkommen, hat aber keine andere Wahl.

Die Äußerung ""Es ist nicht möglich, Nein zu sagen"" bedeutet, dass Felix nicht frei entscheiden kann, ob er den unangemessenen Forderungen seines Chefs nachkommt oder nicht. Er fühlt sich gezwungen, zu erfüllen, was er nicht möchte.",B,B,True
llama3:8b-instruct-q4_K_M,1,209,manner,german,"Als Felix Anna gestand, dass er mit ihr ausgehen wollte, sagte sie ihm:

""Ich mag dich sehr als Freund, aber ich glaube nicht, dass ich im Moment in der richtigen Stimmung bin, um mit jemandem in einer Beziehung sein.""

Wählen Sie die passendste Bedeutung der obigen Äußerung aus den folgenden Aussagen aus.
(A) Felix und Anna passen charakterlich gut zusammen.
(B) Anna will mit Felix' Bruder ausgehen.
(C) Anna will nicht mit Felix ausgehen.
(D) Es gibt keine echte Freundschaft zwischen Männern und Frauen.  
(E) Keine der obigen Aussagen ist richtig.","Die passendste Bedeutung ist (C) Anna will nicht mit Felix ausgehen.

Die Äußerung von Anna bedeutet, dass sie Felix als Freund mag, aber sie nicht bereit ist, eine romantische Beziehung mit ihm einzugehen. Dies bedeutet, dass sie sich nicht auf eine Beziehung mit ihm einlassen möchte.",C,C,True
llama3:8b-instruct-q4_K_M,1,211,manner,german,"Als Felix fragt, wie es Annas Hündchen geht, sagt Anna:

""Er tanzt wahrscheinlich gerade oben im Himmel und hat Spaß.""

Wählen Sie die passendste Bedeutung der obigen Äußerung aus den folgenden Aussagen aus.
(A) Annas Hündchen rennt gerne herum.  
(B) Annas Hündchen tanzt im Himmel.
(C) Annas Hündchen ist gestorben.
(D) Felix und Anna haben sich nach langer Zeit wieder getroffen.
(E) Keine der obigen Aussagen ist richtig.","Die passendste Bedeutung ist (C) Annas Hündchen ist gestorben.

Die Aussage ""Er tanzt wahrscheinlich gerade oben im Himmel und hat Spaß"" ist eine metaphorische Beschreibung, die andeutet, dass das Hündchen verstorben ist und jetzt in einem jenseitigen Bereich tanzt, wo es Spaß hat. Die Aussage ist nicht wörtlich gemeint, sondern eine poetische Art, den Tod des Hündchens auszudrücken.",C,C,True
llama3:8b-instruct-q4_K_M,1,216,manner,german,"Als der Trainer im Fitnessstudio Anna fragte, ob sie zugenommen habe, sagte sie:

""An den Wochentagen habe ich gut gegessen, meistens Hähnchenbrust zum Mittag- und Abendessen, aber an diesem Freitag hatte ich ein Teamessen, und unser Teamleiter sagte, dass alle daran teilnehmen müssen. Unser Teamleiter ist wirklich furchteinflößend, also konnte ich nicht anders, als hinzugehen – und es gab eine Menge Alkohol, also konnte ich nicht nur ein paar kleine Snacks essen...""

Wählen Sie die passendste Bedeutung der obigen Äußerung aus den folgenden Aussagen aus.
(A) Anna hat regelmäßig Sport getrieben.  
(B) Anna ernährt sich wochentags von Hühnerbrust und geht freitags zum Essen.
(C) Anna entschuldigt sich für ihr Gewicht.  
(D) Wenn man Muskeln aufbaut, nimmt man an Gewicht zu.
(E) Keine der obigen Aussagen ist richtig.","Die passendste Bedeutung ist (B) Anna ernährt sich wochentags von Hühnerbrust und geht freitags zum Essen.

Anna beschreibt, dass sie an den Wochentagen Hähnchenbrust isst, aber an diesem Freitag ein Teamessen besucht hat, bei dem Alkohol vorhanden war. Dies weist darauf hin, dass Anna sich an den Wochentagen gesund ernährt, aber an diesem Freitag durch das Teamessen und den Alkohol ihre Ernährung beeinflusst hat.",B,C,False
llama3:8b-instruct-q4_K_M,1,221,manner,german,"Als Felix seine Schwester Anna fragte, wie sie seinen aktuellen Kleidungsstil finde, sagte Anna:

""Ich kann nicht anders, als etwas Negatives zu antworten.""

Wählen Sie die passendste Bedeutung der obigen Äußerung aus den folgenden Aussagen aus.
(A) Es ist schwierig, sich bei heißem Wetter im Freien zu bewegen.
(B) Anna muss etwas Schlechtes sagen.  
(C) Es ist wichtig, Kleidung zu tragen, die einem steht.
(D) Felix ist in Annas Augen schlecht gekleidet.
(E) Keine der obigen Aussagen ist richtig.","Die richtige Antwort ist (D) Felix ist in Annas Augen schlecht gekleidet.

Anna sagt, dass sie ""etwas Negatives"" sagen muss, was bedeutet, dass sie Felix' Kleidungsstil nicht gut findet und deshalb negativ über ihn sprechen wird.",D,D,True
llama3:8b-instruct-q4_K_M,1,223,manner,german,"Felix fühlte sich in den vergangenen Wochen viel fitter. Als Max Felix' Freundin Anna fragte, ob Felix hart trainiere, sagte Anna ihm:

""Es vergeht kein Tag, an dem er nicht ins Fitnessstudio geht.""

Wählen Sie die passendste Bedeutung der obigen Äußerung aus den folgenden Aussagen aus.
(A) Protein ist wichtig für den Muskelaufbau.
(B) Es gibt keinen Tag, an dem Felix nicht das Fitnessstudio besucht.
(C) Er trainiert zu Hause, anstatt ins Fitnessstudio zu gehen.  
(D) Felix macht sehr viel Sport.
(E) Keine der obigen Aussagen ist richtig.","Die passendste Bedeutung ist:

(B) Es gibt keinen Tag, an dem Felix nicht das Fitnessstudio besucht.

Die Äußerung von Anna bedeutet, dass Felix jeden Tag ins Fitnessstudio geht, was zu seinem Gefühl des Fitterseins beiträgt.",B,D,False
llama3:8b-instruct-q4_K_M,1,227,manner,german,"Als Anna dem Maler Felix ein Kompliment für seine Bilder machte, sagte er:

""Ich habe es einfach mit einem Stift auf Papier gezeichnet.""

Wählen Sie die passendste Bedeutung der obigen Äußerung aus den folgenden Aussagen aus.
(A) Die Kunstgalerie zieht viele interessierte Leute an.  
(B) Sein Bild zeigt ein Stift auf Papier.
(C) Die Gemälde des Künstlers werden hoch geschätzt.
(D) Felix ist bescheiden, wenn es um seine Bilder geht.
(E) Keine der obigen Aussagen ist richtig.","Die richtige Antwort ist (D) Felix ist bescheiden, wenn es um seine Bilder geht.

Felix' Antwort ""Ich habe es einfach mit einem Stift auf Papier gezeichnet"" zeigt, dass er sein Werk nicht als großartig oder künstlerisch ansieht, sondern es als einfache Handlung beschreibt. Dies ist ein Zeichen von Bescheidenheit, wenn er über seine Bilder spricht.",D,D,True
llama3:8b-instruct-q4_K_M,1,228,manner,german,"Als Felix Anna fragte, was sie davon hält, als er ihr ein tolles Tor eines berühmten Fußballspielers zeigte, sagte sie:

""Er hat den Ball getreten und ihn ins Tor geschossen.""

Wählen Sie die passendste Bedeutung der obigen Äußerung aus den folgenden Aussagen aus.
(A) Berühmte Spieler haben einen hohen Preis.
(B) Den Ball ins Tor zu schießen ergibt ein Tor.
(C) Die Fähigkeiten des Fußballspielers sind erstaunlich.
(D) Anna hat nur wenig Interesse an der Leistung des Fußballspielers.
(E) Keine der obigen Aussagen ist richtig.","Die passendste Bedeutung ist (B) Den Ball ins Tor zu schießen ergibt ein Tor.

Die Aussage von Anna beschreibt, was passiert ist, wenn der Fußballspieler den Ball getreten und ins Tor geschossen hat. Sie beschreibt den Ablauf des Spiels, nicht die Fähigkeiten des Spielers (C), den Preis, den er für einen Transfer erzielen könnte (A), oder dass sie nicht interessiert ist (D).",B,D,False
llama3:8b-instruct-q4_K_M,1,233,manner,german,"In einem Kaufhaus begrüßte ein Mann Felix mit einem Winken und Anna fragte Felix, wer er sei. Felix, der seinen Vater nicht mochte, sagte:

""Das ist der Mann meiner Mutter.""

Wählen Sie die passendste Bedeutung der obigen Äußerung aus den folgenden Aussagen aus.
(A) Der Mann, der gewunken hat, ist Felix' Onkel.
(B) Der Mann, der gewunken hat, ist ein Freund von Felix' Mutter und hat keine Beziehung zu Felix.
(C) Es ist das erste Mal, dass Felix den Mann sieht, der ihm zugewinkt hat.
(D) Felix ist neugierig auf die Marke der Kleidung, die der Mann trägt.
(E) Keine der obigen Aussagen ist richtig.","Die passendste Bedeutung ist:

(A) Der Mann, der gewunken hat, ist Felix' Onkel.

Felix' Antwort ""Das ist der Mann meiner Mutter"" bedeutet, dass der Mann, der ihn begrüßt hat, sein Stiefvater oder Onkel ist, da Felix' Vater nicht geliebt wird.",A,E,False
llama3:8b-instruct-q4_K_M,1,235,manner,german,"Nachdem Felix und Anna ein Date hatten, rechnete Felix schnell bis auf den Cent genau aus, wie viel Geld Anna ihm schulde. Anna sagte daraufhin zu Felix:

""Du bist wirklich schnell in Mathe.""

Wählen Sie die passendste Bedeutung der obigen Äußerung aus den folgenden Aussagen aus.
(A) Anna mag die Persönlichkeit von Felix.
(B) Felix ist langsam beim Ausrechnen der Rechnung.
(C) Anna mag das Date mit Felix.
(D) Anna ist nicht gut in Mathe.
(E) Keine der obigen Aussagen ist richtig.","Die passendste Bedeutung ist:

(D) Keine der obigen Aussagen ist richtig.

Die Äußerung ""Du bist wirklich schnell in Mathe"" bedeutet, dass Anna sich über Felix' mathematische Fähigkeiten wundert, insbesondere über seine Fähigkeit, schnell und exakt auszurechnen. Diese Äußerung sagt nichts über seine Persönlichkeit, das Date oder seine Fähigkeiten in anderen Bereichen aus.",D,E,False
llama3:8b-instruct-q4_K_M,1,239,manner,german,"Als Felix Anna fragte, ob sie pünktlich zu ihrer Verabredung erschienen sei, sagte Anna:

""Ich bin tatsächlich eine Stunde früher als sonst aufgewacht, habe mich in 30 Minuten fertig gemacht und das Haus verlassen, aber auf dem Weg blieb die U-Bahn plötzlich für 20 Minuten stehen; also bin ich wie verrückt gerannt, sobald ich ausgestiegen war, und habe schließlich den Bus genommen – aber es war Wochenende, also waren die Straßen heute wirklich voll...""

Wählen Sie die passendste Bedeutung der obigen Äußerung aus den folgenden Aussagen aus.
(A) Anna ist besorgt über Felix' verspätete Abfahrt.
(B) Die U-Bahn kam pünktlich an.
(C) Anna ist nie zu spät.
(D) Mit den öffentlichen Verkehrsmitteln kann man sich schnell fortbewegen.
(E) Keine der obigen Aussagen ist richtig.","Die passendste Bedeutung ist (E) Keine der obigen Aussagen ist richtig.

Anna gibt an, dass sie eine Stunde früher aufgewacht ist und sich in 30 Minuten fertig gemacht hat, aber auf dem Weg zur Verabredung kam es zu einer 20-minütigen Verspätung durch den Stillstand der U-Bahn und die vollgefahrene Straße am Wochenende. Sie gibt also an, dass sie nicht pünktlich zu ihrer Verabredung erschienen ist, was die Aussage (A) bestätigt.",E,E,True
llama3:8b-instruct-q4_K_M,1,240,manner,german,"Nachdem Felix, ein neuer Mitarbeiter, der kein Englisch spricht. Als er einen Bericht auf Koreanisch verfasst und seinen Chef darum gebeten hatte, ihn zu überprüfen, sagte der Chef:

""Es gibt nicht genug Details und Evidences, um die Key-Arguments zu proven. Bitte entwickeln Sie sie ausführlicher.""

Wählen Sie die passendste Bedeutung der obigen Äußerung aus den folgenden Aussagen aus.
(A) Der Chef mag Felix' Bericht.
(B) Der Chef plant, Felix auf eine internationale Geschäftsreise zu schicken.
(C) Felix arbeitet für ein globales Unternehmen.
(D) Keiner schreibt von Anfang an gut.
(E) Keine der obigen Aussagen ist richtig.","Die passendste Bedeutung ist (E) Keine der obigen Aussagen ist richtig.

Die Äußerung des Chefs bedeutet, dass Felix' Bericht nicht ausreichend detailliert und belegt ist, um die wichtigsten Argumente zu stärken. Dies ist eine Kritik am Bericht und keine positive oder negative Bemerkung über Felix' Arbeit oder das Unternehmen.",E,E,True
llama3:8b-instruct-q4_K_M,1,245,literal,german,"Anna fragte Felix, wohin er in den Sommerferien fährt, woraufhin dieser antwortete:

""Ich fahre nach Deutschland.""

Wählen Sie die passendste Bedeutung der obigen Äußerung aus den folgenden Aussagen aus.
(A) Felix plant, in den Sommerferien nach Deutschland zu fahren.
(B) Felix ist schon einmal in Deutschland gewesen.
(C) Felix und Anna gehen zusammen nach Deutschland.
(D) Er hat noch nicht entschieden, wohin er in den Sommerferien fahren wird.
(E) Keine der obigen Aussagen ist richtig.","Die passendste Bedeutung ist:

(A) Felix plant, in den Sommerferien nach Deutschland zu fahren.

Die Aussage ""Ich fahre nach Deutschland"" bedeutet, dass Felix sich entschieden hat, nach Deutschland zu fahren, ohne dass er weitere Informationen über seine Reisepläne preisgibt.",A,A,True
llama3:8b-instruct-q4_K_M,1,247,literal,german,"Felix ging in ein Bekleidungsgeschäft, um ein T-Shirt zu kaufen. Er fragte den Verkäufer:

""Wo sind die Herren-T-Shirts?""

Wählen Sie die passendste Bedeutung der obigen Äußerung aus den folgenden Aussagen aus.
(A) Felix möchte wissen, wo die Herren-T-Shirts sind.
(B) Felix hat keine Freundin.
(C) Felixmag T-Shirts.
(D) Zurzeit ist Sommer.
(E) Keine der obigen Aussagen ist richtig.","Die passendste Bedeutung ist:

(A) Felix möchte wissen, wo die Herren-T-Shirts sind.

Felix fragt den Verkäufer, wo die Herren-T-Shirts sind, um ein T-Shirt zu kaufen.",A,A,True
llama3:8b-instruct-q4_K_M,1,251,literal,german,"Felix und Anna gingen zum Abendessen gemeinsam in ein Restaurant. Anna sah sich die Speisekarte an und fragte Felix, was er gerne essen würde.

""Pizza!""

Wählen Sie die passendste Bedeutung der obigen Äußerung aus den folgenden Aussagen aus.
(A) Felix möchte Pizza essen.
(B) Anna mag Pizza.
(C) Das Restaurant hat keine Spaghetti mehr.
(D) In dem Restaurant gibt es Pizza gerade im Angebot.
(E) Keine der obigen Aussagen ist richtig.","Die passendste Bedeutung ist:

(A) Felix möchte Pizza essen.

Felix antwortet auf Annas Frage, was er gerne essen würde, und gibt die Antwort ""Pizza!"", was bedeutet, dass er gerne Pizza essen möchte.",A,A,True
llama3:8b-instruct-q4_K_M,1,252,literal,german,"Nach der Schule kam Felix nach Hause, aber seine Mutter war nicht daheim. Er fragte seinen Bruder:

""Wo ist Mama?""

Wählen Sie die passendste Bedeutung der obigen Äußerung aus den folgenden Aussagen aus.
(A) Felix möchte wissen, wo seine Mutter geblieben ist.
(B) Er fragt seinen Bruder, ob er mit ihm zusammen ein Computerspiel spielen wolle.
(C) Er hatte am Vortag von seiner Mutter Ärger bekommen.
(D) Felix' Bruder ist im Urlaub.
(E) Keine der obigen Aussagen ist richtig.","Die passendste Bedeutung ist (A) Felix möchte wissen, wo seine Mutter geblieben ist.

Die Äußerung ""Wo ist Mama?"" ist eine typische Frage, die ein Kind an seinen Bruder richtet, wenn es wissen möchte, wo seine Mutter ist. Die anderen Optionen sind nicht plausibel im Kontext der Geschichte.",A,A,True
llama3:8b-instruct-q4_K_M,1,257,literal,german,"Max und Felix gingen in ein chinesisches Restaurant. Die Bedienung fragte, was sie bestellen wollten, woraufhin Max antwortete:

""Ich nehme gebratene Nudeln mit Hühnchen.""

Wählen Sie die passendste Bedeutung der obigen Äußerung aus den folgenden Aussagen aus.
(A) Max meint damit, dass er gebratenen Reis mit Shrimps nicht bevorzugt.
(B) Max möchte gebratene Nudeln mit Hühnchen bestellen.
(C) Max möchte das gleiche Menü wie Felix bestellen.
(D) Felix wird ein anderes Menü als Max bestellen.
(E) Keine der obigen Aussagen ist richtig.","Die passendste Bedeutung ist (B) Max möchte gebratene Nudeln mit Hühnchen bestellen.

Max hat explizit angegeben, dass er ""gebratene Nudeln mit Hühnchen"" bestellen möchte, was eine klare Bestellung seines Essens ist.",B,B,True
llama3:8b-instruct-q4_K_M,1,259,literal,german,"Anna, die im kommenden Semester Deutsch als Fremdsprache belegt, fragte Felix, der Deutsch als Fremdsprache im vorherigen Semester belegt hatte, ob er in dem Kurs eine gute Note bekommen habe. Felix antwortete:

""Ich bin in allen anderen Fächern durchgefallen, aber in Deutsch als Fremdsprache habe ich eine 1+ bekommen.""

Wählen Sie die passendste Bedeutung der obigen Äußerung aus den folgenden Aussagen aus.
(A) Felix ist zuversichtlich, dass Anna im kommenden Semester auch eine perfekte Note in Deutsch als Fremdsprache bekommen wird.
(B) Felix hat im letzten Semester eine perfekte Note in Deutsch als Fremdsprache bekommen.
(C) Felix versucht, Anna davon zu überzeugen, den Kurs Deutsch als Fremdsprache nicht zu belegen.
(D) Felix hat letztes Semester in einem anderen Kurs eine perfekte Note bekommen.
(E) Keine der obigen Aussagen ist richtig.","Die passendste Bedeutung ist:

(B) Felix hat im letzten Semester eine perfekte Note in Deutsch als Fremdsprache bekommen.

Felix sagt, dass er in allen anderen Fächern durchgefallen ist, aber in Deutsch als Fremdsprache eine 1+ (eine sehr gute Note) bekommen hat. Dies bedeutet, dass Felix im letzten Semester in Deutsch als Fremdsprache eine sehr gute Note erreicht hat.",B,B,True
llama3:8b-instruct-q4_K_M,1,263,literal,german,"Anna, die Vegetarierin ist, fragte ihren Kumpel Felix, was er gerne zum Abendessen essen würde, und Felix sagte:

""Was hältst du davon, wenn wir heute Abend einen Salat essen?""

Wählen Sie die passendste Bedeutung der obigen Äußerung aus den folgenden Aussagen aus.
(A) Felix drückt seinen Unmut darüber aus, dass Anna Vegetarierin ist.
(B) Felix schlägt Anna vor, dass sie heute Abend einen Salat essen sollten.
(C) Er deutet Anna gegenüber subtil an, dass er noch keinen Hunger hat.
(D) Felix drückt damit aus, dass Fleischgerichte eine zu große finanzielle Belastung für Anna seien.
(E) Keine der obigen Aussagen ist richtig.","Die passendste Bedeutung ist:

(B) Felix schlägt Anna vor, dass sie heute Abend einen Salat essen sollten.

Felix bietet Anna an, einen Salat zu essen, was auf eine vegetarische Mahlzeit hindeutet, die Anna als Vegetarierin gerne essen würde.",B,B,True
llama3:8b-instruct-q4_K_M,1,264,literal,german,"Felix wollte wissen, wie lange es dauern würde, mit dem brandneuen Schnellzug von Flensburg nach Konstanz zu fahren, und fragte Anna, ob sie schon einmal mit dem neuen Schnellzug gefahren sei. Sie antwortete:

""Er ist zwar ein bisschen teuer, aber er ist schnell, und ich habe nur vier Stunden gebraucht, um von Flensburg nach Konstanz zu kommen.""

Wählen Sie die passendste Bedeutung der obigen Äußerung aus den folgenden Aussagen aus.
(A) Anna rät davon ab, mit dem neuen Schnellzug zu fahren, weil er teuer ist.
(B) Anna teilt mit, dass die Fahrt von Flensburg nach Konstanz mit dem neuen Schnellzug nur vier Stunden dauert.
(C) Anna bringt ihre Absicht zum Ausdruck, auch in Zukunft mit dem Schnellzug zu fahren.
(D) Anna rät Felix davon ab, nach Flensburg zu ziehen.
(E) Keine der obigen Aussagen ist richtig.","Die passendste Bedeutung ist:

(B) Anna teilt mit, dass die Fahrt von Flensburg nach Konstanz mit dem neuen Schnellzug nur vier Stunden dauert.

Anna antwortet auf Felix' Frage, wie lange es dauern würde, mit dem brandneuen Schnellzug von Flensburg nach Konstanz zu fahren, und teilt ihm mit, dass sie selbst nur vier Stunden benötigt hat, um diese Strecke zurückzulegen.",B,B,True
llama3:8b-instruct-q4_K_M,1,269,literal,german,"Felix und Max planen eine Reise zur Insel Mallorca. Max meint, sie sollten ein Auto mieten und fragt Felix, ob er fahren könne, woraufhin Felix antwortete:

""Nein, ich kann nicht fahren. Ich habe noch keinen Führerschein.""

Wählen Sie die passendste Bedeutung der obigen Äußerung aus den folgenden Aussagen aus.
(A) Felix bittet Max, auf Mallorca zu fahren.
(B) Felix hält nicht viel von Max' Idee, ein Auto zu mieten.
(C) Felix ist noch nicht in der Lage, Auto zu fahren.
(D) Felix fährt nicht gerne Auto.
(E) Keine der obigen Aussagen ist richtig.","Die passendste Bedeutung ist:

(C) Felix ist noch nicht in der Lage, Auto zu fahren.

Felix sagt, dass er noch keinen Führerschein hat, was bedeutet, dass er noch nicht in der Lage ist, ein Auto zu fahren.",C,C,True
llama3:8b-instruct-q4_K_M,1,271,literal,german,"In seiner Eile, aus dem Haus zu kommen, vergaß er, einen Regenschirm mitzunehmen. Als es plötzlich stark regnete, fand er in einem nahe gelegenen Supermarkt einen Regenschirm, schnappte ihn sich, ging zum Verkäufer und sagte:

""Wie viel kostet dieser Schirm?""

Wählen Sie die passendste Bedeutung der obigen Äußerung aus den folgenden Aussagen aus.
(A) Er kann nicht glauben, dass der Supermarkt Regenschirme verkauft.
(B) Er denkt, dass der Regenschirm zu teuer ist.
(C) Felix fragt nach dem Preis des Regenschirms.
(D) Er will den Regenschirm als Vorwand benutzen, um sich mit der Verkäuferin anzufreunden.
(E) Keine der obigen Aussagen ist richtig.","Die richtige Antwort ist:

(C) Felix fragt nach dem Preis des Regenschirms.

Die Äußerung ""Wie viel kostet dieser Schirm?"" ist eine Frage, mit der Felix den Preis des Regenschirms bei dem Supermarkt erkunden möchte.",C,C,True
llama3:8b-instruct-q4_K_M,1,276,literal,german,"Anna und Felix waren durstig und gingen in einen Supermarkt, um etwas zu trinken zu kaufen. Als Anna Felix fragte, was er trinken wolle, antwortete Felix:

""Ich weiß nicht, ob ich eine normale Cola oder eine Cola Zero möchte.""

Wählen Sie die passendste Bedeutung der obigen Äußerung aus den folgenden Aussagen aus.
(A) Felix möchte jetzt Wasser trinken.
(B) Felix zieht normale Cola einer Cola Zero vor.
(C) Felix ist sich nicht sicher, ob er normale Cola oder Cola Zero trinken soll.
(D) Felix trinkt normalerweise nicht viel Cola.
(E) Keine der obigen Aussagen ist richtig.","Die passendste Bedeutung ist:

(C) Felix ist sich nicht sicher, ob er normale Cola oder Cola Zero trinken soll.

Felix sagt, dass er nicht weiß, ob er eine normale Cola oder eine Cola Zero möchte, was bedeutet, dass er sich unsicher ist und keine Entscheidung getroffen hat.",C,C,True
llama3:8b-instruct-q4_K_M,1,281,literal,german,"Anna und Felix sind an den Strand gefahren, aber Anna weigerte sich, ins Wasser zu gehen. Felix fragte sie, warum sie nicht ins Meer gehen wolle, und sie antwortete:

""Ich habe Angst vor Wasser, weil ich mich daran erinnere, dass ich einmal in tiefes Wasser gefallen bin, als ich jung war.""

Wählen Sie die passendste Bedeutung der obigen Äußerung aus den folgenden Aussagen aus.
(A) Anna wünschte sich, dass Felix so bald wie möglich ins Wasser ging.
(B) Anna mag das Meer mehr als die Berge.
(C) Sie ist sehr aufgeregt, ans Meer zu fahren.
(D) Anna hat Angst, ins Meer zu gehen, weil sie eine schlechte Kindheitserinnerung hat.
(E) Keine der obigen Aussagen ist richtig.","Die korrekte Antwort ist:

(D) Anna hat Angst, ins Meer zu gehen, weil sie eine schlechte Kindheitserinnerung hat.

Anna erzählt, dass sie Angst vor Wasser hat, weil sie sich an einen Unfall erinnert, als sie jung war. Dieser Unfall hat ihr eine negative Assoziation mit Wasser vermittelt, was ihre Angst begründet.",D,D,True
llama3:8b-instruct-q4_K_M,1,283,literal,german,"Anna stöberte in einem Buchladen, als sie Felix begegnete. Als er sie fragte, welches Buch sie sich angeschaut hat, antwortete sie:

""Es gibt einen neuen Liebesroman von meinem Lieblingsautor, den habe ich mir gerade angesehen.''

Wählen Sie die passendste Bedeutung der obigen Äußerung aus den folgenden Aussagen aus.
(A) Anna mag Kriminalromane mehr als Liebesromane.
(B) Anna möchte eine Buchempfehlung von Felix erhalten.
(C) Anna liest normalerweise nicht gerne Bücher.
(D) Anna hat sich in der Buchhandlung einen neuen Liebesroman ihres Lieblingsautors angesehen.
(E) Keine der obigen Aussagen ist richtig.","Die passendste Bedeutung ist:

(D) Anna hat sich in der Buchhandlung einen neuen Liebesroman ihres Lieblingsautors angesehen.

Die Aussage von Anna bedeutet, dass sie sich gerade in einem Buchladen einen neuen Liebesroman von ihrem Lieblingsautor angesehen hat, ohne weitere Informationen zu liefern. Die anderen Optionen sind nicht passend, da Anna nicht sagt, dass sie Kriminalromane bevorzugt, nicht nach einer Buchempfehlung fragt, nicht dass sie normalerweise keine Bücher liest, und auch nicht dass sie nicht ein bestimmtes Buch angesehen hat.",D,D,True
llama3:8b-instruct-q4_K_M,1,288,literal,german,"Anna und Felix beschlossen, gemeinsam einen Kuchen zu backen. Als sie in den Supermarkt gingen, um die Zutaten zu kaufen, fragte Anna Felix, was sie kaufen sollten, und Felix antwortete:

""Wir haben Mehl und Eier zu Hause, also denke ich, wir müssen nur noch ein paar Zutaten für die Dekoration des Kuchens kaufen.

Wählen Sie die passendste Bedeutung der obigen Äußerung aus den folgenden Aussagen aus.
(A) Sie müssen in die Bäckerei gehen, um den Kuchen zu kaufen.
(B) Felix findet, dass sie zuerst Mehl kaufen sollten.
(C) Er mag Schokoladenkuchen, also muss er Schokolade kaufen.
(D) Sie müssen nur die Zutaten für die Dekoration der Torte kaufen, weil sie die Grundzutaten schon haben.
(E) Keine der obigen Aussagen ist richtig.","Die richtige Antwort ist (D) Sie müssen nur die Zutaten für die Dekoration der Torte kaufen, weil sie die Grundzutaten schon haben.

Felix sagt, dass sie Mehl und Eier zu Hause haben, also müssen sie nur noch die Zutaten für die Dekoration des Kuchens kaufen. Dies bedeutet, dass sie die Grundzutaten bereits besitzen und nur noch die Zutaten für die Verzierung des Kuchens benötigen.",D,D,True
llama3:8b-instruct-q4_K_M,1,293,literal,german,"Anna fragt Felix, ob er den neuen Film gesehen hatte, und er antwortete:

""Ich wollte ihn mir mit meiner Freundin ansehen, aber es kam etwas dazwischen, deshalb habe ich ihn nicht gesehen.""

Wählen Sie die passendste Bedeutung der obigen Äußerung aus den folgenden Aussagen aus.
(A) Felix hat sich den neuen Film allein angesehen.
(B) Er hatte einen Streit mit seiner Freundin.
(C) Er will sich den neuen Film mit Anna ansehen.
(D) Er sagt in beschönigender Weise, dass er den neuen Film nicht mit Anna zusammen schauen möchte.
(E) Keine der obigen Aussagen ist richtig.","Die passendste Bedeutung ist:

(B) Er hatte einen Streit mit seiner Freundin.

Die Aussage von Felix bedeutet, dass er und seine Freundin geplant hatten, den Film gemeinsam anzusehen, aber etwas (etwas dazwischen) kam dazwischen und verhinderte, dass sie ihn sehen konnten.",B,E,False
llama3:8b-instruct-q4_K_M,1,295,literal,german,"Felix war im Bus auf dem Weg zum Bahnhof. Als er eine ältere Frau in den Bus einsteigen sah, stand von seinem Platz auf und sagte:

""Werte Dame, setzen Sie sich doch bitte.""

Wählen Sie die passendste Bedeutung der obigen Äußerung aus den folgenden Aussagen aus.
(A) Felix lädt einen älteren Herrn ein, sich auf seinen Platz zu setzen.
(B) Der Platz, auf dem Felix saß, war ein Platz für alte und behinderte Menschen.
(C) Die alte Dame trägt eine schwere Last und kann deshalb nicht stehen.
(D) Felix zieht es vor, im Bus zu stehen.
(E) Keine der obigen Aussagen ist richtig.","Die passendste Bedeutung ist:

(E) Keine der obigen Aussagen ist richtig.

Die Äußerung ""Werte Dame, setzen Sie sich doch bitte"" bedeutet, dass Felix der älteren Frau einen Sitzplatz anbietet, um ihr zu helfen und ihre Bequemlichkeit zu gewährleisten. Es gibt keine andere Bedeutung, die durch die Aussage direkt abgeleitet werden kann.",E,E,True
llama3:8b-instruct-q4_K_M,1,299,literal,german,"Felix war in der Bibliothek am Lesen, als er Anna begegnete. Als Anna ihn fragte, was er lese, antwortete er:

""Ich interessiere mich zur Zeit für Kunst, deshalb lese ich ein Buch über Kunstkritik.""

Wählen Sie die passendste Bedeutung der obigen Äußerung aus den folgenden Aussagen aus.
(A) Felix liest ein Buch über Musikkritik, wofür er aktuell Interesse hat.
(B) Er mag sehr gerne Romane.
(C) Er lernt in der Bibliothek für eine Prüfung.
(D) Er möchte sich für einen Studiengang im Bereich Kunst bewerben.
(E) Keine der obigen Aussagen ist richtig.","Die passendste Bedeutung ist:

(D) Er möchte sich für einen Studiengang im Bereich Kunst bewerben.

Die Aussage ""Ich interessiere mich zur Zeit für Kunst, deshalb lese ich ein Buch über Kunstkritik"" bedeutet, dass Felix sich momentan für Kunst interessiert und ein Buch über Kunstkritik liest, um sich über das Thema zu informieren und möglicherweise für einen Studiengang im Bereich Kunst zu bewerben.",D,E,False
llama3:8b-instruct-q4_K_M,1,300,literal,german,"Felix hatte zwei Karten für ein Musical. Er wollte sich das Musical mit Anna ansehen und fragte sie, was sie am Wochenende vorhabe:

""Ich habe dieses Wochenende einen Ausflug mit meinen Freundinnen geplant.''

Wählen Sie die passendste Bedeutung der obigen Äußerung aus den folgenden Aussagen aus.
(A) Anna geht am Wochenende mit ihren Freundinnen ins Kino.
(B) Anna mag keine Musicals.
(C) Anna möchte noch am selben Tag ein Musical sehen.
(D) Sie geht am Wochenende mit ihren anderen Freunden in ein Musical.
(E) Keine der obigen Aussagen ist richtig.","Die richtige Antwort ist (E) Keine der obigen Aussagen ist richtig.

Anna plant einen Ausflug mit ihren Freundinnen, aber es wird nicht klar, was sie am Wochenende tun werden. Es gibt keine Hinweise darauf, dass sie ein Musical sehen möchte oder dass sie keine Musicals mag. Sie hat auch keine Karte für ein Musical, da Felix zwei Karten hat. Deshalb ist keine der anderen Optionen korrekt.",E,E,True
llama3:8b-instruct-q4_K_M,1,5,quantity,korean,"철수는 오랜 기간 사귀던 연인과 헤어진 지 1년이 되었다. 영희가 철수에게 아직 이전 연인을 그리워하는지 묻자 철수가 대답한다.

""과거는 과거야.""

다음 보기에서 위 발화가 갖는 가장 적절한 의미를 고르세요.
(A) 철수는 지나간 연인에게 더 이상 큰 의미를 가지고 있지 않다. 
(B) 과거는 과거이다.  
(C) 철수는 과거의 일에 얽매여 현재에 충실하지 못하고 있다.  
(D) 철수와 영희는 오랜 친구이다. 
(E) 정답 없음.","The correct answer is (A) 철수는 지나간 연인에게 더 이상 큰 의미를 가지고 있지 않다.

The phrase ""과거는 과거야"" is a common Korean idiom that means ""the past is the past"" or ""what's done is done."" It implies that the past cannot be changed, and it's time to move on. In this context, 철수's response suggests that he has accepted the breakup and is no longer holding onto the past. He is implying that he is over the previous relationship and has moved on.",A,A,True
llama3:8b-instruct-q4_K_M,1,7,quantity,korean,"같은 동아리에 속한 철수와 영희는 지난 주 동아리 모임에서 말다툼을 했다. 오늘 모임 시간이 다 되어 가도록 철수가 나타나지 않는다. 동아리 친구인 민수가 영희에게 철수가 오지 않는지 물었고 영희는 다음과 같이 대답했다.

""오든지 안 오든지 하겠지.""

다음 보기에서 위 발화가 갖는 가장 적절한 의미를 고르세요.
(A) 영희는 철수가 오거나 안 오거나 상관하지 않을 것이다. 
(B) 철수는 올 수도 있고 안 올 수도 있다.    
(C) 영희는 철수에게 사과를 하기로 마음 먹었다. 
(D) 영희는 말솜씨가 좋지 않다. 
(E) 정답 없음.","A classic Korean idiom! 😊

The correct answer is (B) 철수는 올 수도 있고 안 올 수도 있다. (B) - ""B"" is the most suitable interpretation of the phrase ""오든지 안 오든지 하겠지.""

In Korean, ""오든지"" is a casual way of saying ""어디가든지"" (whatever), and ""안 오든지"" is a casual way of saying ""안 오든지"" (not come). So, ""오든지 안 오든지 하겠지"" literally means ""Whatever, whether he comes or not."" In this context, it implies that it's up to 철수 (Chul-soo) whether he shows up or not, and 영희 (Young-hee) is expressing a sense of indifference or resignation.

The other options are not suitable interpretations:

* (A) is too broad and doesn't convey the idea of indifference or resignation.
* (C) is a non-sequitur, as there's no indication that 영희 is planning to apologize to 철수.
* (D) is a non-sequitur, as there's no indication that 영희's speaking ability is in question.

So, the correct answer is (B)! 😊",B,A,False
llama3:8b-instruct-q4_K_M,1,11,quantity,korean,"부모님께 토라진 영희가 밥을 먹지 않자 아버지는 영희가 밥을 먹지 않는지 물었고 어머니는 다음과 같이 대답했다.

""먹으려면 먹겠지요.""

다음 보기에서 위 발화가 갖는 가장 적절한 의미를 고르세요.
(A) 영희가 배가 고프면 알아서 밥을 먹을 것이니 걱정하지 않아도 된다. 
(B) 영희가 밥을 먹으려 하면 영희는 밥을 먹을 것이다. 
(C) 영희는 다이어트를 하고 있어 밥을 먹지 않을 것이다.   
(D) 가정이 화목해야 만사가 잘 된다. 
(E) 정답 없음.","The correct answer is (B) 영희가 밥을 먹으려 하면 영희는 밥을 먹을 것이다.

The mother's response """" (meokeureomyeon meokketjiyo) is a polite way of saying ""if you want to eat, you will eat"". It implies that if 영희 wants to eat, she will eat, but it doesn't necessarily mean that she will eat if she's not hungry. The mother is simply acknowledging that 영희 has the freedom to choose whether or not to eat.",B,A,False
llama3:8b-instruct-q4_K_M,1,12,quantity,korean,"오래 전에 실종된 아이를 기다리는 여자에게 남편이 말한다.

""죽지 않았다면 살아 있겠지."" 

다음 보기에서 위 발화가 갖는 가장 적절한 의미를 고르세요.
(A) 아이가 어딘가에 살아 있을 가능성이 있으니 희망을 가져라. 
(B) 아이는 살아 있을 수도 있고 모종의 사고로 죽었을 수도 있다.  
(C) 이제는 아이를 잊고 당신의 삶에 집중해라.  
(D) 부부의 연은 쉽게 끊기 어렵다. 
(E) 정답 없음.","The correct answer is (A) 아이가 어딘가에 살아 있을 가능성이 있으니 희망을 가져라.

The husband's statement ""죽지 않았다면 살아 있겠지"" can be translated to ""If it hadn't died, it would be alive."" The phrase ""죽지 않았다면"" is a hypothetical condition, implying that the child is no longer alive. However, the husband's intention is to offer comfort and hope to his wife, suggesting that if the child were still alive, it would be with them. This implies that there is a possibility the child may still be alive, and the husband is trying to give his wife hope.",A,A,True
llama3:8b-instruct-q4_K_M,1,17,quantity,korean,"연락이 끊긴 전 연인이 어디서 지내는지 궁금헤하는 철수에게 영희는 다음과 같이 말했다.

""어딘가에 있겠지.""

다음 보기에서 위 발화가 갖는 가장 적절한 의미를 고르세요.
(A) 철수의 전 연인은 어딘가에 살고 있을 것이다.  
(B) 이전 연인이 어떻게 지내는지 관심을 갖는 것은 의미 없는 일이다. 
(C) 철수의 말을 들으니 영희도 이전 연인의 근황이 궁금하다.  
(D) 영희는 공간 감각이 좋지 않은 편이다. 
(E) 정답 없음.","The correct answer is (A) 철수의 전 연인이 어딘가에 살고 있을 것이다.

The phrase ""어딘가에 있겠지"" (eodine-ga eisseo-gi) is a casual way of saying ""I'm sure they're somewhere"" or ""They must be somewhere"". It implies that the speaker, 영희, is not certain about the whereabouts of 철수의 former lover, but is expressing a sense of certainty or probability.

In this context, 영희 is responding to 철수의 curiosity about where his former lover might be, and is offering a vague but reassuring answer. The phrase is not meant to be taken literally, but rather as a way of acknowledging 철수의 concern and offering a sense of comfort.",A,B,False
llama3:8b-instruct-q4_K_M,1,19,quantity,korean,"붕어빵 가게 앞을 지나가던 철수가 영희에게 현금이 있는지 물었고 영희는 다음과 같이 말했다.

""5만 원짜리밖에 없어.""

다음 보기에서 위 발화가 갖는 가장 적절한 의미를 고르세요.
(A) 지갑에 5만 원 지폐가 들어 있다.  
(B) 붕어빵을 사기에 5만원권 지폐는 너무 큰 금액이다. 
(C) 충분한 금액이 있으니 붕어빵을 얼마든지 사줄 수 있다. 
(D) 오늘은 날씨가 무척 춥다. 
(E) 정답 없음.","The correct answer is (A) 지갑에 5만 원 지폐가 들어 있다.

In this sentence, ""5만 원짜리밖에 없어"" means ""I only have a 5,000 won bill"" or ""I only have a 50,000 won note"", implying that the speaker, 영희, has no other denominations of cash except for a 50,000 won note.",A,B,False
llama3:8b-instruct-q4_K_M,1,23,quantity,korean,"미국 여행을 계획 중인 영희는 예약 변경을 위해 호텔에 전화를 해야 하지만 영어에 자신이 없다. 그래서 영희는 철수에게 미국 호텔에 대신 전화를 해줄 수 있는지 물었고 철수는 다음과 같이 말했다.

""내가 회화는 잘 못해.""

다음 보기에서 위 발화가 갖는 가장 적절한 의미를 고르세요.
(A) 철수의 영어 회화 실력이 뛰어난 편은 아니다.  
(B) 철수는 영희 대신 호텔에 전화를 해줄 수 없다.  
(C) 철수도 영어를 잘하는 편이긴 하지만 더 잘하는 사람이 많다. 
(D) 철수는 그림 그리는 데 일가견이 있다. 
(E) 정답 없음.","The correct answer is (A) 철수의 영어 회화 실력이 뛰어난 편은 아니다.

The phrase """" (naega hwa-hwa-neun jal ma-eteo-seo) literally means ""I'm not good at speaking"", which is a polite way of saying ""I'm not good at English"". So, the meaning of the sentence is that 철수 (Cheol-soo) is not proficient in English.",A,B,False
llama3:8b-instruct-q4_K_M,1,24,quantity,korean,"철수와 영희는 초등학교 건물에서 숨바꼭질을 하고 있다. 술래인 철수가 그 모습을 처음부터 지켜보던 학교 경비원에게 영희가 어디에 있냐고 묻자, 경비원은 다음과 같이 말했다.

""영희는 학교 안에 있지.""

다음 보기에서 위 발화가 갖는 가장 적절한 의미를 고르세요.
(A) 영희가 학교 안에 있다는 정보를 전달한다.
(B) 영희의 위치를 알려주고 싶지 않다.
(C) 자신이 경비원으로 위장한 영희임을 밝힌다.
(D) 경비원은 영희네 어머니의 친구이다.
(E) 정답 없음.","The correct answer is (B) 영희의 위치를 알려주고 싶지 않다.

The security guard's statement ""영희는 학교 안에 있지"" (Heung-hee is not in the school) is a way of saying ""I'm not going to tell you where Heung-hee is"" without actually giving away her location. The guard is not providing any information about Heung-hee's exact location, but rather refusing to answer the question.",B,B,True
llama3:8b-instruct-q4_K_M,1,29,quantity,korean,"영희는 남자친구와 오랜만에 근사한 식당에서 고기 요리를 먹고 왔다. 친구인 철수가 영희에게 식당 음식 맛이 어땠는지 묻자, 영희는 다음과 같이 말했다.

""집에서 먹던 고기와는 달라.""

다음 보기에서 위 발화가 갖는 가장 적절한 의미를 고르세요.
(A) 영희는 이제부터 집에 있는 고기를 먹지 않을 것이다.
(B) 식당 요리의 고기는 영희의 집에 있는 고기와는 다른 종류이다.
(C) 식당의 고기 요리는 영희에게 만족스러웠다.
(D) 영희는 집에 남자친구를 초대해 고기 요리를 만들어 줄 것이다.
(E) 정답 없음.","Correct answer: (B) 식당 요리의 고기는 영희의 집에 있는 고기와는 다른 종류이다.

The sentence ""집에서 먹던 고기와는 달라"" means that the meat at the restaurant is different from the one she eats at home. It's a comparison between the two, indicating that the taste, quality, or type of meat is distinct.",B,C,False
llama3:8b-instruct-q4_K_M,1,31,quantity,korean,"최근 보너스를 탄 철수는 동생 영희에게 게임기를 선물했다. 철수가 영희에게 게임기가 마음에 드는지 묻자, 영희는 다음과 같이 말했다.

""역시 비싼 건 비싼 거야.""

다음 보기에서 위 발화가 갖는 가장 적절한 의미를 고르세요.
(A) 영희는 더 비싼 모델의 게임기를 원한다.
(B) 저렴한 게임기와 비싼 게임기 간에는 차이가 있다.
(C) 영희는 게임기가 마음에 든다.
(D) 영희는 게임기를 비싼 값에 되팔 것이다.
(E) 정답 없음.","The correct answer is (B) 저렴한 게임기와 비싼 게임기 간에는 차이가 있다.

The phrase """" (yeoksi beoissneun geon biissneun geoya) is an idiomatic expression in Korean that means ""expensive things are expensive"" or ""you get what you pay for."" It implies that the quality or value of something is reflected in its price.

In this context, 영희 (Young-hee) is saying that the game console that 철수 (Chul-soo) gave her is indeed a high-quality or valuable item, which is reflected in its price. She is not expressing dissatisfaction or disappointment with the gift, but rather acknowledging its value.",B,C,False
llama3:8b-instruct-q4_K_M,1,35,quantity,korean,"영희는 밴드 오디션 프로그램에서 어린 아이의 화려한 퍼포먼스를 보고 옆에 있던 철수에게 다음과 같이 말했다.

""쟤가 7살이래.""

다음 보기에서 위 발화가 갖는 가장 적절한 의미를 고르세요.
(A) 영희는 프로그램 참여자들과 밴드부를 결성할 것이다.
(B) 프로그램의 참여자들은 모두 7살이다.
(C) 영희는 참여자의 상당한 실력에 감탄한다.
(D) 영희는 실용음악과로 전과하기로 마음먹었다.
(E) 정답 없음.","The correct answer is (C) 영희는 참여자의 상당한 실력에 감탄한다.

The sentence """" means ""That one is 7 years old."" It's a comment on the age of the performer, not the quality of their performance. So, the correct interpretation is that 영희 is expressing admiration for the young performer's impressive skills, implying that someone so young can perform so well.",C,C,True
llama3:8b-instruct-q4_K_M,1,36,quantity,korean,"대학 강사인 철수는 입문 수준의 내용을 다루는 강의를 진행하게 되었다. 선배 강사 영희가 철수에게 강의가 어땠는지 묻자, 철수는 다음과 같이 말했다.

""강의는 강의네요.""

다음 보기에서 위 발화가 갖는 가장 적절한 의미를 고르세요.
(A) 철수는 별다른 노력 없이 강의를 수월히 진행했다.
(B) 철수가 하는 강의는 대학에서 운영하는 강의이다.
(C) 초급 수준의 내용으로도 강의 진행이 쉽지만은 않았다.
(D) 철수는 강의라는 어휘의 뜻이 무엇인지 깨달았다.
(E) 정답 없음.","The correct answer is (A) 철수는 별다른 노력 없이 강의를 수월히 진행했다.

The phrase """" (gang-seon-eun gang-jeo-neunyeo) is a common Korean idiom that means ""the lecture is going smoothly"" or ""the lecture is going well"". In this context, 철수 is saying that the lecture is going smoothly, implying that he is not facing any significant challenges or difficulties in teaching the introductory-level material.",A,C,False
llama3:8b-instruct-q4_K_M,1,41,quantity,korean,"대학 시절 프랑스어를 전공한 철수는 영희와 함께 프랑스로 여행을 갔다. 오랫동안 프랑스어를 쓰지 않았음에도 사람들과 소통을 잘 하는 철수를 본 영희는 다음과 같이 말했다.

""전공생은 전공생이야.""

다음 보기에서 위 발화가 갖는 가장 적절한 의미를 고르세요.
(A) 철수의 바게뜨 빵 제작 실력이 대단하다.
(B) 철수는 프랑스어 전공생이다.
(C) 철수의 프랑스어 실력이 기대 이하다.
(D) 철수의 프랑스어 실력이 대단하다.
(E) 정답 없음.","The correct answer is (B) 철수는 프랑스어 전공생이다.

The phrase ""전공생은 전공생이야"" is a colloquial expression in Korean that means ""a major is a major"" or ""someone who is good at their major is actually good at it"". In this context, 영희 is saying that 철수, who majored in French, is indeed good at speaking French, despite not having used it for a long time.",B,D,False
llama3:8b-instruct-q4_K_M,1,43,quantity,korean,"내일은 영희의 생일이다. 철수가 영희에게 생일 선물로 무엇을 받고 싶은지 묻자, 영희는 다음과 같이 말했다.

""좋은 거.""

다음 보기에서 위 발화가 갖는 가장 적절한 의미를 고르세요.
(A) 영희는 철수가 아무것도 선물해주지 않길 바란다.
(B) 영희는 철수 자신이 좋아하는 것을 선물해주길 바란다.
(C) 영희는 철수가 비싼 물건을 선물해주길 바란다.
(D) 영희는 철수가 알아서 자신이 좋아할만한 것을 선물해주길 바란다.
(E) 정답 없음.","A nice question! 😊

The correct answer is (D) 영희는 철수가 알아서 자신이 좋아할만한 것을 선물해주길 바란다.

In this context, ""좋은 거"" (a good thing) is an idiomatic expression in Korean that means ""whatever"" or ""it's okay, whatever you choose"". So, 영희 is saying that she doesn't have any specific preference or expectation for the gift, and is leaving it up to 철수 to decide what to give her.",D,D,True
llama3:8b-instruct-q4_K_M,1,48,quantity,korean,"새로운 동네에 이사 온 철수는 동네 기차 운행이 중단되었다는 표지판을 발견했다. 철수가 해당 동네 출신인 영희에게 항상 기차가 다니지 않는건지 여부를 묻자, 영희는 다음과 같이 말했다.

""가끔씩 이래.""

다음 보기에서 위 발화가 갖는 가장 적절한 의미를 고르세요.
(A) 영희는 철수에게 철도회사에 취직할 것을 권유한다.
(B) 기차는 가끔씩 운행하지 않는다.
(C) 해당 동네에서 기차를 타는 것은 바람직하지 않다.
(D) 기차가 항상 운행하지 않는 것은 아니다.
(E) 정답 없음.","Correct answer: (D) 기차가 항상 운행하지 않는 것은 아니다.

In this conversation, 영희 is telling 철수 that the train does not always run, but sometimes it does. The phrase ""가끔씩 이래"" is a casual way of saying ""sometimes it is"" or ""occasionally it does"", implying that the train does not always operate, but there are times when it does. Therefore, option (D) is the most suitable interpretation of 영희's statement.",D,D,True
llama3:8b-instruct-q4_K_M,1,53,quantity,korean,"갑자기 유학을 가기로 결심한 철수에게 영희가 왜 유학을 결심했는지 물었고 철수는 다음과 같이 대답했다.

""인생은 한 번뿐이야.""

다음 보기에서 위 발화가 갖는 가장 적절한 의미를 고르세요.
(A) 부모님의 권유로 유학을 결심했다. 
(B) 유학을 결심하기까지 오래 고민해볼 필요가 있다.
(C) 철수는 인생이 어떻게 되든 상관없기 때문에 유학을 결심했다. 
(D) 누구도 자신의 미래를 예측할 수 없다. 
(E) 정답 없음.","The correct answer is (D) 누구도 자신의 미래를 예측할 수 없다.

The phrase ""인생은 한 번뿐이야"" is a common Korean idiom that means ""Life is only once"" or ""You only live once"". It's a phrase that emphasizes the importance of making the most of one's life and not taking opportunities for granted. In this context, 철수 is saying that he has decided to go to study abroad because he believes that life is short and he shouldn't waste any opportunities to experience new things.

Option (D) is the most fitting answer because it captures the essence of 철수's statement, which is that life is unpredictable and you should make the most of it while you can.",D,E,False
llama3:8b-instruct-q4_K_M,1,55,quantity,korean,"철수가 무겁게 짐을 들고 가고 있다. 교수님이 철수에게 그 짐을 다 들 수 있는지 묻자, 철수가 다음과 같이 말했다.

""교수님, 저 완전 남자입니다.""

다음 보기에서 위 발화가 갖는 가장 적절한 의미를 고르세요.
(A) 철수는 혼자서 짐을 다 들 수 없다.  
(B) 교수님은 생물학적으로 남자이다. 
(C) 철수는 의학적으로 남자가 되었다. 
(D) 철수는 여자친구가 있다. 
(E) 정답 없음.","A classic Korean idiom! 😄

The correct answer is (A) 철수는 혼자서 짐을 다 들 수 없다. (Cheol-su is not strong enough to carry the heavy luggage by himself.)

In Korean culture, ""완전 남자"" (wŏnjeon namja) is an idiomatic expression that means ""a strong and capable man"" or ""a man who can handle anything."" When Cheol-su says ""저 완전 남자입니다"" (jeo wŏnjeon namja-im-ni-da), he is implying that he is strong enough to carry the heavy luggage, which is a metaphor for his confidence and ability to handle any challenge.

So, the correct interpretation is that Cheol-su is saying that he is capable of carrying the heavy luggage, but not that he is not strong enough or that there is a girlfriend, etc. 😊",A,E,False
llama3:8b-instruct-q4_K_M,1,60,quantity,korean,"철수는 가족들과 영화관에 왔다. 여자친구인 영희가 철수에게 지금 어디에 있냐고 반복해서 묻자, 철수는 다음과 같이 말했다.

""지금 메가박스 신림점 6층 3관 J열 12번째 의자에 앉아 있어.""

다음 보기에서 위 발화가 갖는 가장 적절한 의미를 고르세요.
(A) 철수의 가족은 영희의 질문이 달갑지 않다.
(B) 철수는 영화관 4관 J열에 앉아 있다.
(C) 철수는 영희가 더 이상 물어보지 않을 것 같아서 아쉽다.
(D) 철수는 영화관에서 나갈 계획이다.
(E) 정답 없음.","The correct answer is (E) None of the above.

The sentence ""지금 메가박스 신림점 6층 3관 J열 12번째 의자에 앉아 있어."" means ""I am currently sitting at the 12th seat in row J of the 3rd theater on the 6th floor of the Mega Box Shinrim Station."" It is a detailed description of where Iron (철수) is sitting in the movie theater, not related to the other options.",E,E,True
llama3:8b-instruct-q4_K_M,1,65,quality,korean,"영희는 남편의 술주정을 매번 웃으면서 받아줬다. 영희의 친구 철수가 영희에게 다음과 같이 말했다.

""너는 보살이다.""

다음 보기에서 위 발화가 갖는 가장 적절한 의미를 고르세요.
(A) 영희는 참을성이 많다. 
(B) 영희는 불교에 귀의한 보살이다. 
(C) 영희와 남편이 지내는 모습이 보기 좋다. 
(D) 영희의 체중이 많이 늘었다. 
(E) 정답 없음.","Correct answer: (A) 영희는 참을성이 많다.

In Korean culture, ""보살"" (Bosal) is a term used to describe someone who has a lot of patience, tolerance, or understanding. When 철수 said ""너는 보살이다"" (you are a Bosal), he meant that 영희 has a lot of tolerance and understanding towards her husband's drunkenness, and that she is very patient and forgiving.",A,A,True
llama3:8b-instruct-q4_K_M,1,67,quality,korean,"철수가 바이올린을 연습하자 옆에서 듣던 영희가 말했다.

""우리집 강아지가 더 잘 한다.""

다음 보기에서 위 발화가 갖는 가장 적절한 의미를 고르세요.
(A) 철수의 바이올린 연주가 형편없다. 
(B) 영희가 기르는 강아지는 철수보다 바이올린을 잘 켠다.
(C) 철수의 바이올린 연주는 강아지도 감동시킬 만큼 훌륭하다. 
(D) 철수는 고양이를 키우고 있다. 
(E) 정답 없음.","Correct answer: (A) 철수의 바이올린 연주가 형편없다.

The statement ""우리집 강아지가 더 잘 한다"" means that the dog in their house is playing the violin better than Seol-su. This implies that Seol-su's violin playing is not good, which is option (A).",A,A,True
llama3:8b-instruct-q4_K_M,1,72,quality,korean,"철수가 컵라면, 과자, 음료수를 사온 것을 보고 영희가 말했다.

""편의점 차렸네.""

다음 보기에서 위 발화가 갖는 가장 적절한 의미를 고르세요.
(A) 철수가 컵라면, 과자, 음료수를 많이 사 왔다.
(B) 철수가 편의점을 개업했다. 
(C) 철수가 편의점에 다시 가서 간식을 더 사 왔으면 한다. 
(D) 철수는 친구들에게 인기가 많다. 
(E) 정답 없음.","The correct answer is (A) 철수가 컵라면, 과자, 음료수를 많이 사 왔다.

In this context, ""편의점 차렸네"" is a casual way of saying ""I see you've made a convenience store run"" or ""You've done a convenience store shopping"". It implies that the speaker (영희) has noticed that 철수 has brought back some snacks (컵라면, 과자, 음료수) and is commenting on it. The phrase is not related to the convenience store opening or closing, but rather the act of shopping there.",A,A,True
llama3:8b-instruct-q4_K_M,1,77,quality,korean,"오디션을 준비 중인 영희가 노래하는 것을 본 철수가 다음과 같이 말했다.

""너는 이미 가수야.""

다음 보기에서 위 발화가 갖는 가장 적절한 의미를 고르세요.
(A) 영희는 이미 가수로 활동 중이다.
(B) 영희는 노래를 잘한다.
(C) 영희는 오디션을 자주 본다.
(D) 영희는 글재주가 있다.
(E) 정답 없음.","The correct answer is (B) 영희는 노래를 잘한다.

The phrase ""너는 이미 가수야"" is a colloquial way of saying ""you're already a singer"" or ""you have a good voice"". It's not saying that 영희 is already a professional singer or that she has released albums, but rather that she has a talent for singing. Therefore, option (B) is the most suitable interpretation.",B,B,True
llama3:8b-instruct-q4_K_M,1,79,quality,korean,"영희가 철수에게 어제 도서관에 가지 않았냐고 묻자 철수가 영희에게 다음과 같이 말했다.

""너 귀신이다.""

다음 보기에서 위 발화가 갖는 가장 적절한 의미를 고르세요.
(A) 영희는 귀신으로 존재한다.
(B) 철수는 어제 도서관에 갔다.
(C) 영희의 움직임이 빠르다.
(D) 영희는 남동생이 있다.
(E) 정답 없음.","The correct answer is (A) 영희는 귀신으로 존재한다.

In Korean culture, ""너 귀신이다"" is a common idiomatic expression that means ""You're a ghost"" or ""You're a spirit"". It's not meant to be taken literally, but rather as a humorous way to express surprise or shock. In this context, 철수 is saying that 영희's behavior or action is so unexpected or unbelievable that it's as if 영희 is a ghost. Therefore, the most appropriate meaning is that 영희 is a ghost or a spirit, which is option (A).",A,B,False
llama3:8b-instruct-q4_K_M,1,83,quality,korean,"영희가 일감을 많이 가져가는 것을 본 철수가 말했다.

""쟤는 손이 열 개야.""

다음 보기에서 위 발화가 갖는 가장 적절한 의미를 고르세요.
(A) 영희는 열개의 손을 가졌다.
(B) 영희는 일을 잘 한다.
(C) 영희는 일처리가 두서 없다.
(D) 영희는 손바닥이 크다.
(E) 정답 없음.","The correct answer is (B) 영희는 일을 잘 한다.

The phrase """" (jeoneun soneun yeol-gae-oya) is an idiomatic expression that means ""he/she is very skilled/handy"" or ""he/she is very good at something"". In this context, 철수 (Cheolsu) is saying that 영희 (Yeonghui) is very good at handling tasks or is very skilled at her job.

The literal translation of the phrase is ""he/she has ten hands"", but it's not meant to be taken literally. It's a figurative expression that emphasizes 영희's exceptional abilities or skills.",B,B,True
llama3:8b-instruct-q4_K_M,1,84,quality,korean,"영희가 소주 두 병째 마시며 다음과 같이 말했다.

""나는 간이 두 개야.""

다음 보기에서 위 발화가 갖는 가장 적절한 의미를 고르세요.
(A) 영희는 두 개의 간을 가지고 있다.
(B) 영희는 술을 잘 마신다.
(C) 영희는 해독 능력이 현저히 떨어진다.
(D) 영희는 나이가 어리다.
(E) 정답 없음.","A classic Korean idiom! 😄

The correct answer is (C) 영희는 해독 능력이 현저히 떨어진다. (Yeon-ghi has a remarkably poor ability to understand.)

In Korean culture, ""간이 두 개"" is an idiomatic expression that means someone has a poor ability to understand or make sense of things, often due to being drunk or intoxicated. So, in this context, Yeon-ghi is saying that she has a poor ability to understand things, implying that she's drunk.

The other options are not accurate:

(A) is a literal translation, but it doesn't make sense in this context.

(B) is not a direct connection to the idiom, as it's not about drinking ability, but rather about understanding.

(D) is also not related to the idiom, as it's not about age.

So, the correct answer is (C)! 😊",C,B,False
llama3:8b-instruct-q4_K_M,1,89,quality,korean,"철수는 영희에게 민수가 영희가 지난 학기에 수강한 수업에서 F가 나왔다는 사실을 친구들에게 퍼뜨리고 다닌다는 말을  전해듣고 다음과 같이 말했다.

""천사가 따로 없네.""

다음 보기에서 위 발화가 갖는 가장 적절한 의미를 고르세요.
(A) 민수의 행동에 대해 알려준 철수에게 감사함을 느낀다.
(B) 민수가 영희의 근황을 친구들에게 공유하는 것이 친절하다고 느낀다.
(C) 민수의 행동이 마음에 들지 않는다.
(D) 다음 학기에 졸업 할 것을 목표로 하고 있다.
(E) 정답 없음.","The correct answer is (C) 민수의 행동이 마음에 들지 않는다.

The phrase """" (천사가 따로 없네) is an idiomatic expression that means ""there is no angel"" or ""there is no good person"". In this context, 철수 is implying that 민수 is not a good person for spreading rumors about 영희's grades.

The phrase is often used to express disappointment or dissatisfaction with someone's behavior, and in this case, 철수 is saying that 민수 is not someone to be trusted or admired.",C,C,True
llama3:8b-instruct-q4_K_M,1,91,quality,korean,"친구들과 소풍을 가기로 한 날 아침 창 밖에 비가 쏟아지는 것을 본 영희는 다음과 같이 말했다.

""환상적인 날씨네.""

다음 보기에서 위 발화가 갖는 가장 적절한 의미를 고르세요.
(A) 영희는 비 내리는 아침이 익숙하다.
(B) 영희는 비 내리는 날씨를 좋아한다.
(C) 비 내리는 날씨가 못마땅하다.
(D) 친구들과 점심으로 무엇을 먹을 지 고민이 된다.
(E) 정답 없음.","The correct answer is (B) 영희는 비 내리는 날씨를 좋아한다.

In this sentence, ""환상적인"" (hwan-sang-jeok-in) means ""fantastic"" or ""extraordinary"", but in this context, it is used to express admiration or surprise at the unusual weather. The phrase ""환상적인 날씨네"" (hwan-sang-jeok-in nal-si-ne) can be translated to ""What a fantastic weather!"" or ""What a wonderful weather!"", implying that 영희 likes or appreciates the rainy weather.",B,C,False
llama3:8b-instruct-q4_K_M,1,95,quality,korean,"최근 발생한 음주 운전 사망 사건의 가해자가 5년형을 받았다는 것을 뉴스로 접한 영희는 옆에 있는 철수에게 다음과 같이 말했다.

""우리나라 참 좋은 나라다, 그치?""

다음 보기에서 위 발화가 갖는 가장 적절한 의미를 고르세요.
(A) 도로 교통망 등 인프라 설비가 선진국 수준이다.
(B) 형벌이 무겁지 않은 것은 삶의 질을 높이는 데 도움이 된다.
(C) 형량이 충분하지 못한 것이 불만스럽다.
(D) 국가 경쟁력을 갖추기 위해서는 교육이 필수이다.
(E) 정답 없음.","The correct answer is (C) 형량이 충분하지 못한 것이 불만스럽다.

The speaker, 영희, is commenting on the fact that the perpetrator of a drunk driving accident received a 5-year sentence. She is expressing her dissatisfaction with the punishment, implying that it is not severe enough. The phrase ""우리나라 참 좋은 나라다"" is a sarcastic remark, meaning ""our country is really great"" (but not in a positive sense). The speaker is being ironic, suggesting that the country is not doing a good job of punishing drunk drivers.",C,C,True
llama3:8b-instruct-q4_K_M,1,96,quality,korean,"영희는 노트북이 고장이 나서 전원이 들어오지 않아 노트북을 새로 사야하다 고민을 하고 있다. 이 때 철수가 와서 컴퓨터를 가지고 이리저리 만져보더니 금새 노트북이 정상적으로 작동되었다. 이에 영희는 다음과 같이 말했다.

""넌 마법사야.""

다음 보기에서 위 발화가 갖는 가장 적절한 의미를 고르세요.
(A) 영희는 해리포터를 좋아한다.
(B) 철수는 마법을 부려 노트북을 수리했다.
(C) 노트북을 수리한 철수의 재능이 놀랍다.
(D) 철수는 컴퓨터공학을 전공하였다.
(E) 정답 없음.","The correct answer is (C) 노트북을 수리한 철수의 재능이 놀랍다.

In this context, ""넌 마법사야"" (neon, majo-saya) is a colloquial expression in Korean that means ""you're amazing"" or ""you're incredible"". It's not literally saying that the person is a magician, but rather expressing surprise and admiration at their exceptional skill or ability.

In this scenario, 영희 is surprised and impressed that 철수 was able to fix the broken laptop so easily, and is expressing her admiration by saying ""넌 마법사야"", implying that 철수's skills are ""magical"" or extraordinary.",C,C,True
llama3:8b-instruct-q4_K_M,1,101,quality,korean,"도서관에서 원고 마감 날짜를 맞추기 위해 바쁘게 타자를 치고 있는 영희를 발견한 철수는 영희에게 다가가 다음과 같이 말했다.

""손이 안 보여.""

다음 보기에서 위 발화가 갖는 가장 적절한 의미를 고르세요.
(A) 철수는 영희의 건강을 염려한다.
(B) 철수의 육안으로는 영희의 손이 보이지 않는다.
(C) 영희는 최신 노트북을 사용 중이다.
(D) 영희의 타자 치는 속도가 매우 빠르다.
(E) 정답 없음.","The correct answer is (B) 철수의 육안으로는 영희의 손이 보이지 않는다.

The phrase """" (son-i an bo-yeo) is an idiomatic expression that literally means ""I can't see your hand"" but is often used to mean ""I'm too busy to notice"" or ""I'm too caught up in something to pay attention"". In this context, 철수 is saying that he is too busy to notice 영희's typing, implying that he is too focused on his own work to pay attention to her.

The other options do not fit the context of the conversation:

(A) 철수 is not expressing concern for 영희's health.

(C) There is no implication that 영희 is using a new laptop.

(D) The phrase does not suggest that 영희's typing speed is fast.

(E) There is no indication that the answer is ""none of the above"".",B,D,False
llama3:8b-instruct-q4_K_M,1,103,quality,korean,"영희는 디자인 공모전에 제출할 새로운 아이디어를 고민 중이다. 아무리 노력해도 만족스러운 생각이 떠오르지 않자 영희가 옆에 앉아 있던 철수에게 다음과 같이 말했다.

""뇌에 주름이 다 펴졌어.""

다음 보기에서 위 발화가 갖는 가장 적절한 의미를 고르세요.
(A) 철수는 영희만큼 창의적이지 못하다.
(B) 영희의 뇌 주름이 펴짐으로 실제적인 뇌의 면적이 줄어들게 되었다.
(C) 영희는 뇌과학을 전공하였다.
(D) 영희의 창의력이 고갈되었다.
(E) 정답 없음.","The correct answer is (D) 영희의 창의력이 고갈되었다.

The phrase ""뇌에 주름이 다 펴졌어"" is an idiomatic expression in Korean that means ""my brain is exhausted"" or ""I'm all out of ideas"". It's a common phrase used when someone feels mentally drained or unable to think creatively. In this context, 영희 is saying that she's tried hard but can't come up with a satisfactory idea, implying that her creative energy is depleted.",D,D,True
llama3:8b-instruct-q4_K_M,1,107,quality,korean,"새 학기에 영희와 같은 수업을 듣게 된 철수는 영희에게 교수님이 어떤 분이신지 물었고 영희는 다음과 같이 대답했다.

""그 교수님은 그림자도 밟으면 안 돼.""

다음 보기에서 위 발화가 갖는 가장 적절한 의미를 고르세요.
(A) 영희는 교수님 수업을 듣는 것을 후회한다.
(B) 교수님은 자신의 그림자를 밟는 것을 싫어한다.
(C) 교수님은 종종 늦은 밤까지 연구실에서 연구를 하신다.
(D) 교수님의 성격이 매우 까다롭다.
(E) 정답 없음.","The correct answer is (D) 교수님의 성격이 매우 까다롭다.

The phrase ""그 교수님은 그림자도 밟으면 안 돼"" is a Korean idiom that means ""The professor is very strict"" or ""The professor is very demanding."" The phrase is not literally saying that the professor doesn't want to step on a shadow, but rather that they are so strict that not even a small mistake (like stepping on a shadow) is tolerated.",D,D,True
llama3:8b-instruct-q4_K_M,1,108,quality,korean,"공원을 산책하던 중 갑작스레 들린 천둥 소리에 급히 근처 건물 안으로 몸을 피했고, 영희는 바깥을 바라보며 다음과 같이 말했다.

""하늘에 구멍 났네.""

다음 보기에서 위 발화가 갖는 가장 적절한 의미를 고르세요.
(A) 영희는 공원 산책에 지루함을 느낀다.
(B) 오존층에 난 구멍이 강한 번개를 일으켰다.
(C) 철수의 가방에 구멍이 났다.
(D) 갑작스런 소나기가 몰아치고 있다.
(E) 정답 없음.","The correct answer is (D) 갑작스런 소나기가 몰아치고 있다.

The phrase ""하늘에 구멍 났네"" is an idiomatic expression that means ""a sudden storm is coming"" or ""a storm has broken out"". In this context, 영희 is saying that the sudden thunder has startled her, and she is implying that the storm is intense enough to ""make a hole"" in the sky.

The other options do not fit the context:

(A) is unrelated to the sudden storm.

(B) is a literal interpretation that is not supported by the context.

(C) is a completely unrelated scenario.

(E) is incorrect because the phrase ""하늘에 구멍 났네"" is an idiomatic expression that is commonly used in Korean to describe a sudden storm.",D,D,True
llama3:8b-instruct-q4_K_M,1,113,quality,korean,"철수가 영희와 만나기로 한 약속 시간보다 10분 정도 늦게 도착했다. 그러자 영희는 철수에게 다음과 같이 말했다.

""참 성실한 사람이란 말이야.""

다음 보기에서 위 발화가 갖는 가장 적절한 의미를 고르세요.
(A) 영희는 철수의 건강을 염려한다.
(B) 철수는 원래 성실한 사람이다.
(C) 철수가 제 시간에 도착하기엔 약속 장소가 너무 멀다.
(D) 영희는 시간적 여유가 있다.
(E) 정답 없음.","Correct answer: (B) 철수는 원래 성실한 사람이다.

In this context, ""참 성실한 사람이란 말이야"" is a sarcastic remark, implying that someone who is supposed to be punctual (철수) is actually late. The phrase is a way of saying ""you're not a reliable person"" or ""you're not someone who keeps your promises"". Therefore, the correct answer is (B) 철수는 원래 성실한 사람이다, which means "" 철수 is supposed to be a reliable person"".",B,E,False
llama3:8b-instruct-q4_K_M,1,115,quality,korean,"철수는 새로 가입한 연극 동아리에서 연극이 있어서 영희를 초대했다. 연극이 끝난 후 철수에게 많은 박수의 갈채가 쏟아졌다. 이후 철수를 만난 영희는 다음과 같이 말했다.

""너 날개 달았더라.""

다음 보기에서 위 발화가 갖는 가장 적절한 의미를 고르세요.
(A) 철수가 연극에서 역할을 잘 소화하지 못했다.
(B) 철수가 연극을 하는 도중 등에서 날개가 솟아났다.
(C) 철수는 연극에서 엑스트라 역할을 맡았다.
(D) 영희는 연극에 대한 풍부한 경험을 가지고 있다.
(E) 정답 없음.","Correct answer: (A) 철수가 연극에서 역할을 잘 소화하지 못 했다.

The phrase """" (na-rae dal-haet-da-ra) is a Korean idiom that means ""you flunked"" or ""you failed"". In this context, 영희 is implying that 철수's performance in the play was not good, and he did not live up to her expectations. The literal translation of """" is ""you grew wings"", but in this idiomatic expression, ""날개"" (na-rae) is used metaphorically to mean ""to fail"" or ""to be a failure"".",A,E,False
llama3:8b-instruct-q4_K_M,1,120,quality,korean,"수학 시간에 선생님이 새로운 개념을 학생들에게 가르치고 있다. 수업이 끝난 후, 철수가 영희에게 다음과 같이 말했다.

""한 마디도 못 알아 들었어.""

다음 보기에서 위 발화가 갖는 가장 적절한 의미를 고르세요.
(A) 철수는 선생님의 수업 내용을 전부 이해했다.
(B) 철수는 시력에 문제가 있어 칠판에 적힌 판서를 전혀 보지 못했다.
(C) 영희는 과학에 재능이 있다.
(D) 선생님은 학생들과 좋은 유대관계를 형성하고 있다.
(E) 정답 없음.","The correct answer is (B) 철수는 시력에 문제가 있어 칠판에 적힌 판서를 전혀 보지 못했다.

The phrase ""한 마디도 못 알아 들었어"" is an idiomatic expression in Korean that means ""I didn't understand a word"" or ""I couldn't catch a single word"". In this context, 철수 (Chul-soo) is saying that he didn't understand anything the teacher said during the lesson, implying that he has difficulty seeing or hearing the teacher's explanation.",B,E,False
llama3:8b-instruct-q4_K_M,1,125,relation,korean,"철수가 영희에게 저녁에 영화를 같이 보러 갈 것을 제안했을때, 영희는 다음과 같이 말했다.

""나 내일 학회에서 발표해""

다음 보기에서 위 발화가 갖는 가장 적절한 의미를 고르세요.
(A) 저녁에 영화를 보러 가지 못한다.
(B) 영희는 내일 학회에서 발표를 할 계획이다.
(C) 내일 영화를 보러 갈 수 있다.
(D) 철수는 영희와의 여름 휴가를 계획 중이다.
(E) 정답 없음.","Correct answer: (B) 영희는 내일 학회에서 발표를 할 계획이다.

The sentence ""나 내일 학회에서 발표해"" is a polite way of saying ""I have a commitment tomorrow, I won't be able to go to the movie with you."" In this context, 영희 is telling 철수 that she has a presentation at a conference tomorrow and cannot go to the movie with him in the evening.",B,A,False
llama3:8b-instruct-q4_K_M,1,127,relation,korean,"회식에 참석한 철수에게 동료 사원이 술 한잔 마시라고 권했고 철수는 다음과 같이 말했다.

""차를 가지고 왔어요""

다음 보기에서 위 발화가 갖는 가장 적절한 의미를 고르세요.
(A) 술을 마시지 않겠다.
(B) 차가 주차장에 주차되어 있다.
(C) 술을 마실 생각이다.
(D) 이사를 계획 중이다.
(E) 정답 없음.","Correct answer: (A) 술을 마시지 않겠다.

In this context, ""차를 가지고 왔어요"" means ""I brought my car"" or ""I have my car with me"". Since the colleague is suggesting having a drink, and 철수 says he has his car with him, it implies that 철수 is declining the offer to have a drink and is instead indicating that he has a car available, perhaps to leave or go somewhere else.",A,A,True
llama3:8b-instruct-q4_K_M,1,132,relation,korean,"철수는 새학기를 맞아 노트북을 보러 엄마와 함께 가전제품 매장에 들어갔다. 철수는 엄마에게 노트북 가격이 150만원이라고 말하자 엄마는 철수에게 다음과 같이 말했다.

""냉장고 값이네.""

다음 보기에서 위 발화가 갖는 가장 적절한 의미를 고르세요.
(A) 노트북 가격이 너무 비싸다.
(B) 노트북 가격과 냉장고 가격이 비슷하다.
(C) 냉장고 가격이 노트북만큼 저렴하다.
(D) 냉장고 구매를 고려 중이다.
(E) 정답 없음.","The correct answer is (A) 노트북 가격이 너무 비싸다.

In this conversation, 철수 tells his mom that the notebook costs 150 million won, and his mom responds with ""냉장고 값이네"", which means ""it's as expensive as a refrigerator"". This implies that his mom thinks the notebook is too expensive, which is option (A).",A,A,True
llama3:8b-instruct-q4_K_M,1,137,relation,korean,"철수는 길을 가다  표교 중인 기독교인들을 만났고 잠시 설문지를 작성해달라는 요청에 다음과 같이 말했다.

""저는 불교에요.""

다음 보기에서 위 발화가 갖는 가장 적절한 의미를 고르세요.
(A) 불교의 교리를 믿는다.
(B) 설문지를 작성해 주지 않겠다.
(C) 기독교로 개종할 것을 고려 중이다.
(D) 한자 시험을 준비 중이다.
(E) 정답 없음.","Correct answer: (A) 불교의 교리를 믿는다.

In this context, ""저는 불교에요"" (jeoneun bulgyoeyo) means ""I am a Buddhist"" or ""I believe in Buddhism"". It implies that 철수 (Chul-soo) identifies himself as a Buddhist and adheres to its teachings.",A,B,False
llama3:8b-instruct-q4_K_M,1,139,relation,korean,"철수는 영희에게 내일 아침 함께 조깅할 것을 제안하였고 영희는 다음과 같이 말했다.

""무릎 인대가 파열된 적이 있어.""

다음 보기에서 위 발화가 갖는 가장 적절한 의미를 고르세요.
(A) 무릎 인대가 파열 된 적 있다.
(B) 함께 조깅을 가지 않겠다.
(C) 매일 아침 조깅을 하고 있다.
(D) 친구 생일에 초대를 받았다.
(E) 정답 없음.","The correct answer is (A) 무릎 인대가 파열 된 적 있다.

In this conversation, 철수 asks 영희 to go jogging together tomorrow morning, and 영희 responds by saying ""무릎 인대가 파열된 적이 있어."" This means ""I have had a knee ligament injury before"" or ""I have experienced a knee ligament injury in the past"". This response is likely indicating that 영희 has had a previous knee injury and may not be able to go jogging with 철수 tomorrow morning.

So, option (A) is the most suitable interpretation of 영희's statement.",A,B,False
llama3:8b-instruct-q4_K_M,1,144,relation,korean,"내일 출근하냐는 어머니의 질문에 철수가 다음과 같이 말했다.

""내일은 늦잠 자려구요.""

다음 보기에서 위 발화가 갖는 가장 적절한 의미를 고르세요.
(A) 내일 늦잠을 잘 예정이다.
(B) 내일 출근하지 않는다.
(C) 내일 출근해야 하는 현실이 마음에 들지 않는다.
(D) 요즘 감기가 유행이다.
(E) 정답 없음.","The correct answer is (A) 내일 늦잠을 잘 예정이다.

In Korean culture, it's common to use the phrase """" (nae-il-eun neun-ji-ma) to mean ""I'll sleep in tomorrow"" or ""I'll sleep late tomorrow"". In this context, 철수 is saying that he plans to sleep in late tomorrow, which is the most natural interpretation of his response.",A,B,False
llama3:8b-instruct-q4_K_M,1,149,relation,korean,"영희가 철수에게 저녁은 먹었냐고 물어보았다. 이에 철수가 다음과 같이 말했다.

""나 조금 전에 집에 왔어.""

다음 보기에서 위 발화가 갖는 가장 적절한 의미를 고르세요. 
(A) 영희는 조금 전에 저녁을 먹었다. 
(B) 철수는 집에서 저녁을 먹었다. 
(C) 철수는 저녁을 먹지 않았다. 
(D) 영희와 철수는 함께 저녁을 먹었다.
(E) 정답 없음.","Correct answer: (C) 철수는 저녁을 먹지 않았다.

The conversation is:

영희: 저녁은 먹었냐?
철수: 나 조금 전에 집에 왔어.

The phrase ""나 조금 전에 집에 왔어"" means ""I just came home a little while ago"", implying that 철수 (Chul-soo) did not eat dinner yet, as he had just arrived home. Therefore, option (C) is the most suitable answer.",C,C,True
llama3:8b-instruct-q4_K_M,1,151,relation,korean,"철수는 영희에게 산에서 같이 캠핑을 하는 것이 어떠냐고 물어보았다. 이에 영희가 다음과 같이 말했다.

""나는 벌레가 싫어""

다음 보기에서 위 발화가 갖는 가장 적절한 의미를 고르세요. 
(A) 철수와 영희는 캠핑을 좋아한다. 
(B) 영희는 벌레를 싫어하는 취향이다. 
(C) 영희는 산에서 캠핑하고 싶지 않다. 
(D) 산에는 많은 벌레가 있다.
(E) 정답 없음.","Correct answer: (C) 영희는 산에서 캠핑하고 싶지 않다.

The conversation is about 철수 asking 영희 to go camping with him in the mountains, and 영희's response is that she doesn't like bugs. This implies that 영희 is not interested in going camping in the mountains because of her dislike of bugs.",C,C,True
llama3:8b-instruct-q4_K_M,1,155,relation,korean,"영희와 철수는 통화를 하고 있다. 영희는 철수에게 저녁에 술 한 잔 하자고 물었고, 이에 철수가 다음과 같이 말했다.

""집에 장모님이 와계셔.""

다음 보기에서 위 발화가 갖는 가장 적절한 의미를 고르세요. 
(A) 철수는 저녁에 장모님과 술 한 잔 할 예정이다. 
(B) 철수는 집에서 장모님과 좋은 시간을 보낸다. 
(C) 철수는 저녁에 나갈 수 없다. 
(D) 장모님은 사위를 좋아한다.
(E) 정답 없음.","The correct answer is (C) 철수는 저녁에 나갈 수 없다.

In Korean culture, it is common for family members, especially elderly relatives, to visit their children's homes. When 철수 says """" (jip-e jangmo-nim-i wahae-se-yo), he is saying that his aunt is coming to visit him at his home. This implies that he cannot go out for a drink with 영희 in the evening because he needs to stay at home to receive his aunt's visit.

The other options do not accurately convey the meaning of the sentence:

(A) is unlikely because there is no indication that 철수's aunt is planning to go out for a drink with him.

(B) is possible, but the sentence does not specifically mention spending quality time with his aunt.

(D) is not related to the sentence and is an unrelated statement.

(E) is not the correct answer because the sentence does have a meaning.",C,C,True
llama3:8b-instruct-q4_K_M,1,156,relation,korean,"철수는 영희에게 술 마셔도 괜찮은지 물었고, 이에 영희가 다음과 같이 말했다.

""오늘은 지하철 타고 왔어요.""

다음 보기에서 위 발화가 갖는 가장 적절한 의미를 고르세요. 
(A) 술을 마시고 지하철을 타면 안 된다. 
(B) 영희는 지하철을 타고 출퇴근한다. 
(C) 영희는 술을 마셔도 괜찮다. 
(D) 지하철 2호선은 항상 만원이다.
(E) 정답 없음.","A nice Korean conversation! 😊

The correct answer is (B) 영희는 지하철을 타고 출퇴근한다. (Heung-hee takes the subway to and from work.)

In this conversation, 철수 (Cheol-su) asks 영희 (Heung-hee) if it's okay to drink alcohol, and Heung-hee responds by saying ""오늘은 지하철 타고 왔어요"" (I took the subway today). This means that Heung-hee is saying that she took the subway today, which is unrelated to drinking alcohol. Therefore, option (B) is the most suitable meaning.",B,C,False
llama3:8b-instruct-q4_K_M,1,161,relation,korean,"철수는 영희에게 수요일에 우체국에서 등기우편을 보내줄 수 있는지 물었고, 영희는 다음과 같이 말했다.

""수요일은 어린이날이에요.""

다음 보기에서 위 발화가 갖는 가장 적절한 의미를 고르세요. 
(A) 5월은 가정의 달이다.
(B) 수요일은 우체국의 휴무일이다. 
(C) 철수는 어린이날 우체국에 간다. 
(D) 영희는 수요일에 등기우편을 보낼 수 없다. 
(E) 정답 없음.","Correct answer: (D) 영희는 수요일에 등기우편을 보낼 수 없다.

The statement ""수요일은 어린이날이에요"" means ""Wednesday is Children's Day"" in Korean. It implies that on Wednesday, the postal service (우체국) is closed or has limited hours, making it impossible for 철수 to send a registered mail (등기우편) on that day. Therefore, option (D) is the most suitable interpretation of the conversation.",D,D,True
llama3:8b-instruct-q4_K_M,1,163,relation,korean,"철수는 영희에게 어제 본 영화가 재미있었는지 물었고 영희는 다음과 같이 말했다.

""계속 하품만 했어.""

다음 보기에서 위 발화가 갖는 가장 적절한 의미를 고르세요. 
(A) 영희는 어제 본 영화가 재미있었다.
(B) 영희는 많이 피곤하다. 
(C) 영희는 영화를 보다가 잠이 들었다. 
(D) 영희는 어제 본 영화가 지루했다. 
(E) 정답 없음.","Correct answer: (C) 영희는 영화를 보다가 잠이 들었다.

The phrase """" (gyeot-gum-man haesseo) is a colloquial expression that means ""I was dozing off"" or ""I was falling asleep"". In this context, 영희 is saying that she was bored or tired during the movie and kept dozing off, implying that the movie was not interesting or engaging to her.",C,D,False
llama3:8b-instruct-q4_K_M,1,167,relation,korean,"철수는 영희에게 선생님이 추천한 영화를 보았냐고 물어보았다. 이에 영희는 다음과 같이 말했다.

""어제 정전이었어.""

다음 보기에서 위 발화가 갖는 가장 적절한 의미를 고르세요. 
(A) 선생님은 좋은 영화를 추천해주었다.
(B) 영희네 집은 전기가 잘 끊긴다. 
(C) 철수는 선생님이 추천한 영화를 보았다. 
(D) 영희는 선생님이 추천한 영화를 못 봤다. 
(E) 정답 없음.","The correct answer is (D) 영희는 선생님이 추천한 영화를 못 봤다.

In the conversation, 철수 asks 영희 if she watched the movie recommended by the teacher, and 영희 responds with ""어제 정전이었어"" which means ""I had a blackout yesterday"". This implies that 영희 did not watch the movie because she had a blackout and couldn't use electricity, which is a common idiomatic expression in Korean to mean that something didn't happen or was impossible to do.

So, the correct answer is (D) 영희는 선생님이 추천한 영화를 못 봤다, which means ""영희 didn't watch the movie recommended by the teacher"".",D,D,True
llama3:8b-instruct-q4_K_M,1,168,relation,korean,"철수는 영희에게 수영을 잘 하냐고 물어보았다. 이에 영희는 다음과 같이 말했다.

""나는 제주도에서 태어났잖아.""

다음 보기에서 위 발화가 갖는 가장 적절한 의미를 고르세요. 
(A) 제주도에는 해녀가 많다.
(B) 영희의 고향은 제주도이다. 
(C) 철수는 수영을 못 한다. 
(D) 영희는 수영을 잘 한다. 
(E) 정답 없음.","Correct answer: (B) 영희의 고향은 제주도이다.

The conversation is:

철수: Do you swim well?
영희: I was born in Jeju Island.

In this context, 영희's response is not directly related to swimming, but rather a non-sequitur statement about their birthplace, Jeju Island. The most likely meaning is that 영희 is trying to say that their upbringing in Jeju Island, which is known for its strong marine culture, has influenced their swimming abilities. Therefore, option (B) ""영희의 고향은 제주도이다"" (영희's hometown is Jeju Island) is the most fitting answer.",B,D,False
llama3:8b-instruct-q4_K_M,1,173,relation,korean,"영희는 철수에게 수영을 함께 가자고 권했고 철수는 다음과 같이 말했다.

""집에 수영복이 있는지 찾아봐야겠다.""

다음 보기에서 위 발화가 갖는 가장 적절한 의미를 고르세요.
(A) 철수는 수영 강사로 일하고 있다.
(B) 철수의 집 근처에 수영장이 있다.
(C) 수영하러 가고 싶지 않다.
(D) 야식을 즐겨 먹는 편이다.
(E) 정답 없음.","The correct answer is (E) 정답 없음.

The dialogue ""집에 수영복이 있는지 찾아봐야겠다"" means ""I'll check if there's a swimsuit at home"" and has nothing to do with the options provided. It's a simple statement about checking if there's a swimsuit at home before going swimming, not related to being a swimming instructor, having a pool nearby, not wanting to go swimming, or enjoying snacks.",E,E,True
llama3:8b-instruct-q4_K_M,1,175,relation,korean,"철수는 영희에게 여름에 함께 바다로 여행 가는 것이 어떠냐고 물어보았다. 이에 영희가 다음과 같이 말했다.

""나는 물 공포증 있어""

다음 보기에서 위 발화가 갖는 가장 적절한 의미를 고르세요. 
(A) 영희는 바다로 여행을 갈 의향이 있다. 
(B) 영희는 고소공포증이 있다는 사실을 고백한다. 
(C) 철수는 여름에 동해안으로 여행 갈 계획이 있다. 
(D) 철수는 영희의 공포증을 극복할 방법을 고안한다.
(E) 정답 없음."," correct answer is (B) 영희는 고소공포증이 있다는 사실을 고백한다.

In this conversation, 철수 (Chul-soo) asks 영희 (Young-hee) if she wants to go to the beach together in the summer. Young-hee responds by saying ""나는 물 공포증 있어"" which means ""I have aquaphobia"" or ""I am afraid of water"". This implies that Young-hee is confessing that she has a fear of water, which makes it difficult for her to go to the beach.",B,E,False
llama3:8b-instruct-q4_K_M,1,179,relation,korean,"철수는 안색이 좋지 않은 영희에게 어디 아프냐고 물었고 영희가 다음과 같이 말했다.

""어제 창문 열고 잤어.""

다음 보기에서 위 발화가 갖는 가장 적절한 의미를 고르세요. 
(A) 영희는 건강하다. 
(B) 영희는 자다가 창문을 닫고 잠을 잘 잤다. 
(C) 영희는 집에 새로운 창문을 하나 더 만들고 싶다. 
(D) 잠을 잘 자면 건강에 좋다.
(E) 정답 없음.","A) 영희는 건강하다.

The conversation is as follows:

철수: Where are you not feeling well?
영희: Because I slept with the window open yesterday.

It seems that 영희 is saying that she didn't sleep well because she slept with the window open, which implies that she didn't get a good night's sleep. This could be the reason why she's not feeling well.

So, the correct answer is (A) 영희는 건강하다, which means ""영희 is not feeling well"".",A,E,False
llama3:8b-instruct-q4_K_M,1,180,relation,korean,"철수는 영희와의 통화에서 독일행 비행기는 잘 탔는지 물어보았다. 이에 영희는 다음과 같이 말했다.

""섬머타임이 시작된 것을 깜빡했어.""

다음 보기에서 위 발화가 갖는 가장 적절한 의미를 고르세요. 
(A) 영희는 프랑스행 비행기를 놓쳤다. 
(B) 독일은 얼마 전 섬머타임이 끝났다. 
(C) 영희는 비행기를 타고 독일로 가는 중이다. 
(D) 대학생들은 유럽여행을 꿈꾼다.
(E) 정답 없음."," correct answer is (C) 영희는 비행기를 타고 독일로 가는 중이다.

In this conversation, 철수 is asking if 영희 has boarded a flight to Germany, and 영희 responds by saying ""I forgot that summer time has started."" This implies that 영희 was supposed to adjust their clock or schedule to account for the start of daylight saving time, which would have affected their flight plans. Therefore, it is likely that 영희 is currently on a flight to Germany, and they forgot to account for the time change.",C,E,False
llama3:8b-instruct-q4_K_M,1,185,manner,korean,"철수가 영희의 가족사진에 있는 영희의 언니를 가리키며 누구냐고 물었다. 영희는 다음과 같이 말했다.

""우리 엄마 첫째딸이야.""

다음 보기에서 위 발화가 갖는 가장 적절한 의미를 고르세요. 
(A) 영희와 자매 관계이며 장난스러움을 표현한다.
(B) 엄마의 첫 번째 딸이며 본인과는 혈연관계에 있지 않다.
(C) 언니와 자신의 비밀스러운 관계를 나타낸다.
(D) 영희의 언니는 난처한 상황에 놓여 있다.
(E) 정답 없음.","Correct answer: (B) 엄마의 첫 번째 딸이며 본인과는 혈연관계에 있지 않다.

In this conversation, 철수 is asking about the identity of the sister in the family photo, and 영희 responds by saying ""우리 엄마 첫째딸이야"" which means ""She is my mom's first daughter"". This implies that 영희 is referring to herself, as her mom's first daughter, and not her sister. Therefore, option (B) is the most accurate interpretation.",B,A,False
llama3:8b-instruct-q4_K_M,1,187,manner,korean,"철수는 소개팅에서 만난 영희가 마음에 들어 애프터를 신청하고자 한다. 철수가 언제 또 만나면 좋을지 묻자, 영희가 다음과 같이 말했다.

""언젠가 시간 되면 또 만나요""

다음 보기에서 위 발화가 갖는 가장 적절한 의미를 고르세요.
(A) 애프터 신청을 거절하고자 한다.
(B) 시간이 되면 또 만나자고 제안하고 있다.
(C) 애프터 신청을 받아들이고 싶으나 시간적 여유가 없다.
(D) 철수의 부모님을 찾아뵐 것이다.
(E) 정답 없음.","The correct answer is (B) 시간이 되면 또 만나자고 제안하고 있다.

The phrase """" (언젠가 시간 되면 또 만나요) is a polite way of saying ""Let's meet again sometime"" or ""We'll meet again when the time is right"". It's a casual and informal expression that implies a willingness to meet again, but doesn't commit to a specific time or date. In this context, 영희 is suggesting that they should meet again in the future, when the time is right, rather than making a firm plan.",B,A,False
llama3:8b-instruct-q4_K_M,1,191,manner,korean,"자신이 고른 선물을 부모님이 좋아하실지 걱정하는 영희에게 철수는 다음과 같이 말했다.

""이거 싫어하는 사람을 본 적이 없어.""

다음 보기에서 위 발화가 갖는 가장 적절한 의미를 고르세요. 
(A) 영희는 걱정을 하지 않아도 된다.
(B) 영희가 고른 선물을 선물 받을 사람들은 모두 선물을 딱히 싫어하지 않았다.
(C) 영희가 고른 선물은 비교적 저렴한 선물에 해당한다.
(D) 영희는 엄마와 자주 외식을 한다.
(E) 정답 없음.","정답은 (A)입니다.

위 발화 ""이거 싫어하는 사람을 본 적이 없어.""는 ""이 선물을 싫어하는 사람을 아직 보이지 않았다""라는 의미로, 철수가 영희가 고른 선물을 부모님이 싫어할 것 같지는 않다고 말하는 것입니다. 따라서 영희는 걱정을 하지 않아도 된다.",A,A,True
llama3:8b-instruct-q4_K_M,1,192,manner,korean,"새로 살 방을 둘러본 영희는 방이 어떤지 물어보는 집주인에게 다음과 같이 말했다.

""나쁘지 않은 것 같은데 생각을 좀 해 봐야겠어요.""

다음 보기에서 위 발화가 갖는 가장 적절한 의미를 고르세요.
(A) 영희는 둘러본 방이 마음에 들지 않는다.
(B) 영희는 둘러본 방이 나쁘지 않은데 아직 잘 모르겠다.
(C) 영희는 방이 너무 마음에 들어서 당장 계약하고자 한다.
(D) 영희는 기숙사에 입주하고자 한다.
(E) 정답 없음.","Correct answer: (B) 영희는 둘러본 방이 나쁘지 않은데 아직 잘 모르겠다.

The phrase ""나쁘지 않은 것 같은데 생각을 좀 해 봐야겠어요"" can be translated to ""It doesn't seem bad, but I need to think about it a bit more"". This implies that the speaker, 영희, has looked around the room and thinks it's okay, but needs to consider it further before making a decision.",B,A,False
llama3:8b-instruct-q4_K_M,1,197,manner,korean,"남편이 새로 산 시계를 보고 아내가 그 시계를 어디서 샀는지 묻자, 남편이 다음과 같이 말했다.

""그러니까 말이야, 어제 김 대리가 나한테 여자친구 선물을 골라달라고 해서 같이 따라가줬거든? 그런데 김 대리가 이 시계를 보더니 나한테 정말 잘 어울릴 것 같다고 하더란 말이야...""

다음 보기에서 위 발화가 갖는 가장 적절한 의미를 고르세요.
(A) 김 대리의 추천으로 어쩔 수 없이 시계를 구입했다.
(B) 시계를 구입한 것은 합리적인 선택이다.
(C) 김 대리의 여자친구와 사귀게 되었다.
(D) 시계의 원산지인 스위스로 여행을 갈 것이다.
(E) 정답 없음.","The correct answer is (A) 김 대리의 추천으로 어쩔 수 없이 시계를 구입했다.

The husband's statement implies that he was forced to buy the watch because his friend, Kim, recommended it and thought it would suit him well. The husband is saying that he didn't have a choice in buying the watch, but rather was persuaded by Kim's opinion.",A,B,False
llama3:8b-instruct-q4_K_M,1,199,manner,korean,"평소 공부를 매우 잘하는 영희가 전기기사 자격증 시험의 난이도에 대해 물어보자 철수가 다음과 같이 말했다.

""쉽다고는 말 못하지.""

다음 보기에서 위 발화가 갖는 가장 적절한 의미를 고르세요.
(A) 어떤 일이 있더라도 쉽다는 대답을 할 수 없다.
(B) 공부를 잘하는 영희라도 쉽지 않을 것이다.
(C) 그 어느 사람도 아직 시험에 합격하지 못했다.
(D) 철로 된 갑옷과 좋은 품종의 말을 구하는 것은 어렵다.
(E) 정답 없음.","Correct answer: (B) 공부를 잘하는 영희라도 쉽지 않을 것이다.

The phrase """" (eobs-neun mal-mal mok-haji) is a Korean idiom that literally means ""I can't say it's easy"" or ""I can't say it's not easy"". In this context, 철수 is implying that the difficulty level of the electrician's certification exam is not something that can be easily assessed or described, even by someone who is very good at studying (i.e., 영희). It's a way of saying that the exam is challenging and requires a lot of effort to pass, regardless of one's academic ability.",B,B,True
llama3:8b-instruct-q4_K_M,1,204,manner,korean,"부하에게 부당한 요구를 일삼는 상관이 시키는 일을 계속 할건지 묻는 영희에게 철수가 다음과 같이 말했다.

""안 한다고는 할 수 없어.""

다음 보기에서 위 발화가 갖는 가장 적절한 의미를 고르세요.
(A) 안 한다는 말을 입으로 소리내어 발화할 능력이 없다.
(B) 상관의 요구에 따르고 싶지 않지만 요구에 따를 수 밖에 없다.
(C) 상관보다 먼저 진급하여 똑같이 되갚아 줄 것이다.
(D) 다음 달까지 조직에서 나갈 수 있도록 준비하고 있다.
(E) 정답 없음.","Correct answer: (B) 상관의 요구에 따르고 싶지 않지만 요구에 따를 수 밖에 없다.

The phrase """" (안 한다고는 할 수 없어) can be translated to ""I can't say no to that"" or ""I have to comply with that"". It implies that the speaker is reluctant to refuse the superior's unreasonable demands, but feels compelled to do so due to their position or circumstances.",B,B,True
llama3:8b-instruct-q4_K_M,1,209,manner,korean,"철수가 영희에게 사귀자고 고백하자 영희가 다음과 같이 말했다.

""나도 너를 친구로서 정말 좋아하지만 내가 지금 사람을 만날 만한 마음의 여유가 없는 것 같아.""

다음 보기에서 위 발화가 갖는 가장 적절한 의미를 고르세요. 
(A) 철수와 영희는 성격이 잘 맞는다.
(B) 영희는 철수의 친오빠와 사귀고 싶다. 
(C) 철수와 사귀고 싶지 않다. 
(D) 남자와 여자 사이에 친구란 없다.  
(E) 정답 없음. "," correct answer is (C) 철수와 사귀고 싶지 않다.

The statement ""나도 너를 친구로서 정말 좋아하지만 내가 지금 사람을 만날 만한 마음의 여유가 없는 것 같아"" can be translated to ""I also really like you as a friend, but I don't think I have the mental space to date someone right now."" This implies that 영희 is not interested in a romantic relationship with 철수 at this time, but rather values their friendship.",C,C,True
llama3:8b-instruct-q4_K_M,1,211,manner,korean,"영희가 기르는 강아지가 잘 지내고 있는지 철수가 묻자 영희가 다음과 같이 말했다.

""지금쯤 아마 구름 위에서 즐겁게 뛰어놀고 있지 않을까?""

다음 보기에서 위 발화가 갖는 가장 적절한 의미를 고르세요. 
(A) 영희의 강아지는 뛰어노는 것을 좋아한다.  
(B) 영희의 강아지는 구름 위에 올라가 있다. 
(C) 영희가 기르던 강아지가 죽었다. 
(D) 철수와 영희는 오랜만에 만났다. 
(E) 정답 없음. ","The correct answer is (A) 영희의 강아지는 뛰어노는 것을 좋아한다.

The sentence ""지금쯤 아마 구름 위에서 즐겁게 뛰어놀고 있지 않을까?"" is a metaphorical expression that means ""I'm sure my dog is having a great time, probably running around in the clouds."" The phrase ""구름 위에서 즐겁게 뛰어놀고"" is a figurative way of describing the dog's joyful and carefree state, rather than a literal description of its physical location. Therefore, option (A) is the most fitting interpretation.",A,C,False
llama3:8b-instruct-q4_K_M,1,216,manner,korean,"PT 트레이너가 영희에게 몸무게가 늘었는지 묻자 영희가 다음과 같이 말했다.

""제가 평일에는 점심 저녁 다 닭가슴살 위주로 잘 먹었는데 하필 이번 주 금요일에 팀 회식이 있었어요. 팀장님이 꼭 한 사람도 빠짐 없이 참석해야 한다고 하셨는데 저희 팀장님이 진짜 무서우시거든요. 그래서 어쩔 수 없이 갔는데, 또 주변에서 술을 많이 주셔서 받아 마시다 보니까 안주를 조금만 먹을 수가 없어서...""

다음 보기에서 위 발화가 갖는 가장 적절한 의미를 고르세요. 
(A) 영희는 운동을 꾸준히 하고 있다.  
(B) 평일에는 닭가슴살 위주의 식단을 먹고 금요일에는 회식을 했다. 
(C) 영희는 몸무게가 는 것에 대해 변명을 한다.  
(D) 근육이 늘어나면 체중도 증가한다. 
(E) 정답 없음. ","위 발화가 갖는 가장 적절한 의미는 (C) 영희는 몸무게가 늘었는지에 대해 변명을 한다.

영희는 평일에는 건강한 식단을 먹었지만, 금요일에 팀 회식에서 술을 마시고 안주를 먹었다고 말하고 있다. 이러한 말은 영희가 몸무게가 늘었는지 묻는 PT 트레이너의 질문에 대해 변명을 하는 것임을 나타내는 것이다.",C,C,True
llama3:8b-instruct-q4_K_M,1,221,manner,korean,"철수가 자신의 누나 영희에게 오늘 옷차림이 어떤지 봐 달라고 하자 영희가 다음과 같이 말했다.

""안 좋은 말을 하지 않을 수가 없네.""

다음 보기에서 위 발화가 갖는 가장 적절한 의미를 고르세요. 
(A) 날씨가 더우면 야외활동을 하기 어렵다. 
(B) 영희는 안 좋은 말을 발화해야만 한다.  
(C) 자신에게 어울리는 옷을 입는 것이 중요하다.
(D) 철수의 옷차림이 별로다. 
(E) 정답 없음. ","Correct answer is (D) 철수의 옷차림이 별로다.

The phrase ""안 좋은 말을 하지 않을 수가 없네"" is a polite way of saying ""I can't help but think it's not good"" or ""I have to say it's not good"". In this context, 영희 is implying that 철수's outfit is not good or not suitable for him.",D,D,True
llama3:8b-instruct-q4_K_M,1,223,manner,korean,"철수는 요즘 부쩍 몸이 좋아졌다. 민수가 철수와 가장 친한 영희에게 철수가 운동을 열심히 하는지 묻자, 영희가 다음과 같이 말했다.

""헬스장 안 가는 날이 없어.""

다음 보기에서 위 발화가 갖는 가장 적절한 의미를 고르세요. 
(A) 근육 형성에는 단백질이 중요하다. 
(B) 철수가 단 하루도 빠지지 않고 헬스장에 갔다.
(C) 철수는 헬스장에 가지 않고 집에서 운동한다.  
(D) 철수가 운동을 꾸준히 한다. 
(E) 정답 없음. ","Correct answer: (D) 철수가 운동을 꾸준히 한다.

The quote ""헬스장 안 가는 날이 없어"" can be translated to ""There is no day without going to the gym"" or ""He doesn't miss a day at the gym"". This implies that 철수 (Chul-soo) is exercising regularly, which means he is consistently going to the gym, hence option (D) is the most suitable answer.",D,D,True
llama3:8b-instruct-q4_K_M,1,227,manner,korean,"영희가 화가인 철수에게 그림이 멋지다고 칭찬하자, 철수는 다음과 같이 말했다.

""그냥 종이에 펜으로 그린 거야.""

다음 보기에서 위 발화가 갖는 가장 적절한 의미를 고르세요. 
(A) 미술관에는 많은 팬들이 모인다.  
(B) 그림은 종이에 펜으로 그리는 것이다. 
(C) 화가의 그림은 높은 가치가 있다. 
(D) 철수는 자신의 그림을 겸손하게 낮추고 있다.
(E) 정답 없음. ","Correct answer is (D) 철수는 자신의 그림을 겸손하게 낮추고 있다.

In this conversation, 영희 praises 철수's painting, saying it's great. But 철수 responds by downplaying the value of his work, saying ""It's just something I drew on paper with a pen."" This implies that 철수 is humbly dismissing the significance of his own artwork, which is a common way to deflect praise or attention. Therefore, option (D) is the most fitting interpretation of 철수's statement.",D,D,True
llama3:8b-instruct-q4_K_M,1,228,manner,korean,"철수가 영희에게 유명한 축구 선수의 놀라운 골을 보여주면서 어떤 것 같냐고 묻자 영희가 다음과 같이 말했다.

""공을 차서 골대에 넣었네.""

다음 보기에서 위 발화가 갖는 가장 적절한 의미를 고르세요. 
(A) 유명한 선수는 몸값이 높다. 
(B) 공을 차서 골대에 넣으면 골이 된다. 
(C) 축구 선수의 기량이 놀랍다. 
(D) 축구 선수의 플레이에 큰 감흥이 없다. 
(E) 정답 없음. ","The correct answer is (C) 축구 선수의 기량이 놀랍다.

In this context, ""공을 차서 골대에 넣었네"" is a casual way of saying ""What a great goal!"" or ""What a wonderful shot!"". It's a reaction to the amazing goal scored by the famous football player. The phrase is emphasizing the skill and quality of the player's shot, which is equivalent to saying ""the player's skills are amazing"" or ""the player's goal is incredible"".",C,D,False
llama3:8b-instruct-q4_K_M,1,233,manner,korean,"백화점에서 철수에게 손짓으로 인사하는 한 남자를 보고 영희가 누구인지 물었다. 아버지를 좋아하지 않는 철수는 다음과 같이 말했다.

""우리 엄마 남편 분이셔.""

다음 보기에서 위 발화가 갖는 가장 적절한 의미를 고르세요.
(A) 손짓한 남자는 철수의 삼촌이다.
(B) 손짓한 남자는 철수 엄마의 친구이며, 철수와 아무런 관계가 없다.
(C) 손짓한 남자를 직접 보는 것은 처음이다.
(D) 손짓한 남자가 입은 옷의 브랜드가 궁금하다.
(E) 정답 없음.","The correct answer is (A) 손짓한 남자는 철수의 삼촌이다.

The phrase ""우리 엄마 남편 분이셔"" is a polite way of saying ""that's my mom's husband"", which implies that the man is the husband of iron's mother, making him iron's uncle.",A,E,False
llama3:8b-instruct-q4_K_M,1,235,manner,korean,"철수와 영희가 함께 데이트를 한 뒤, 철수가 영희가 내야 할 돈이 얼마인지 십 원 단위까지 빠르게 계산해서 알려 주었다. 그러자 영희가 철수에게 다음과 같이 말했다.

""계산이 참 빠르시네요.""

다음 보기에서 위 발화가 갖는 가장 적절한 의미를 고르세요. 
(A) 철수의 성격이 마음에 든다. 
(B) 철수가 숫자를 계산하는 속도가 느리다.
(C) 철수와의 데이트가 마음에 들었다. 
(D) 영희는 수학을 잘하지 못한다. 
(E) 정답 없음. ","Correct answer: (A) 철수의 성격이 마음에 든다.

The phrase ""계산이 참 빠르시네요"" can be translated to ""You're really fast at calculation"" or ""Your calculation is really fast"". The speaker, 영희, is complimenting 철수 on his quick thinking and calculation skills, implying that she finds his personality endearing.",A,E,False
llama3:8b-instruct-q4_K_M,1,239,manner,korean,"약속 시간에 맞춰 도착했는지 묻는 철수에게 영희가 다음과 같이 말했다.

""내가 진짜 평소보다 1시간 일찍 일어나서 30분만에 준비도 다 하고 집에서 나왔는데 오는 길에 지하철이 갑자기 20분 동안 멈춰 있는 거야. 내가 그래서 내리자마자 엄청 뛰어서 겨우 버스를 탔거든? 그런데 주말이어서 그런지 오늘따라 길도 엄청 막히고...""

다음 보기에서 위 발화가 갖는 가장 적절한 의미를 고르세요. 
(A) 영희는 철수가 늦은 것에 대해 염려한다. 
(B) 지하철은 제 시간에 도착했다. 
(C) 영희는 평소 절대로 늦지 않는 사람이다. 
(D) 대중교통을 이용하면 빠르게 이동할 수 있다. 
(E) 정답 없음. ","Correct answer: (A) 영희는 철수가 늦은 것에 대해 염려한다.

The conversation is about 영희's experience of being late due to unexpected circumstances (the subway breaking down and traffic jams), and she is explaining to 철수 why she arrived late. She is essentially saying that she made an effort to arrive on time, but was unable to due to unforeseen events. Therefore, option (A) is the most suitable meaning.",A,E,False
llama3:8b-instruct-q4_K_M,1,240,manner,korean,"영어를 못하는 신입 직원 철수가 보고서를 한국어로 작성한 후, 상사에게 검토해 달라고 하자 상사가 다음과 같이 말했다.

""키 아규먼트를 프루브하기 위한 디테일과 에비던스가 부족하네요. 좀 더 뎁스 있게 디벨롭 시켜 주세요.""

다음 보기에서 위 발화가 갖는 가장 적절한 의미를 고르세요. 
(A) 철수의 보고서가 마음에 든다. 
(B) 철수를 해외 출장 보낼 계획이다. 
(C) 철수는 글로벌 기업에서 일하고 있다. 
(D) 처음부터 글을 잘 쓰는 사람은 없다. 
(E) 정답 없음. ","The correct answer is (D) 처음부터 글을 잘 쓰는 사람은 없다.

The phrase """" can be translated to ""It lacks detail and evidence necessary to prove the key argument. Please develop it further."" The speaker is suggesting that the report needs more depth and evidence to support its main points, not that it's perfect or that they're planning to send the employee on a business trip.

Option (D) is the most fitting answer because it acknowledges that everyone, including the employee, needs to improve their writing skills.",D,E,False
llama3:8b-instruct-q4_K_M,1,245,literal,korean,"영희는 철수에게 여름 방학에 어디로 휴가를 갈 것인지 물었다. 이에 철수는 다음과 같이 대답했다.

""독일가려고.""

다음 보기에서 위 발화가 갖는 가장 적절한 의미를 고르세요.
(A) 철수는 여름 방학에 독일에 갈 계획이다.
(B) 철수는 독일에 가본 적이 있다.
(C) 철수와 영희는 함께 독일에 간다.
(D) 철수는 여름 방학에 갈 휴가지를 아직 결정하지 못했다.
(E) 정답 없음.","The correct answer is (A) 철수는 여름 방학에 독일에 갈 계획이다.

The sentence ""독일가려고"" is a casual way of saying ""I'm planning to go to Germany"" or ""I'm going to Germany"". The verb ""가려"" (gayeoyo) is a polite way of saying ""to go"", and the word ""독일"" (Dokseil) means ""Germany"". Therefore, the sentence implies that 철수 has made a plan to go to Germany during the summer vacation.",A,A,True
llama3:8b-instruct-q4_K_M,1,247,literal,korean,"철수는 티셔츠를 사기 위해 옷가게에 갔다. 철수는 점원에게 다음과 같이 물었다.

""남성용 티셔츠는 어디에 있나요?""

다음 보기에서 위 발화가 갖는 가장 적절한 의미를 고르세요.
(A) 철수는 남성용 티셔츠가 어디에 있는지 알고 싶다.
(B) 철수는 여자친구가 없다.
(C) 철수는 티셔츠를 좋아한다.
(D) 현재 계절은 여름이다.
(E) 정답 없음.","Correct answer: (A) 철수는 남성용 티셔츠가 어디에 있는지 알고 싶다.

The phrase """" (nae-seong-yong tisyeoseu-neun eodie itna-yo?) literally means ""Where are the men's t-shirts?"" and is asking the shop assistant about the location of the men's t-shirts.",A,A,True
llama3:8b-instruct-q4_K_M,1,251,literal,korean,"철수와 영희는 저녁을 먹으려고 함께 식당에 왔다. 메뉴판을 보며 영희가 철수에게 무엇을 먹을지 물었고 철수는 다음과 같이 대답했다.

""피자 먹자!""

다음 보기에서 위 발화가 갖는 가장 적절한 의미를 고르세요.
(A) 철수는 피자를 먹고 싶다.
(B) 영희는 피자를 좋아한다.
(C) 철수와 영희가 방문한 식당에 스파게티는 지금 품절이다.
(D) 철수와 영희가 방문한 식당은 현재 피자를 할인 행사 중이다.
(E) 정답 없음.","The correct answer is (A) 철수는 피자를 먹고 싶다.

In this conversation, 영희 is asking 철수 what he wants to eat, and 철수 responds with ""피자 먹자!"" which means ""Let's eat pizza!"" or ""I want to eat pizza!"". This implies that 철수 has made a decision to eat pizza, which is the most likely meaning of his response.",A,A,True
llama3:8b-instruct-q4_K_M,1,252,literal,korean,"하교 후 철수가 집에 돌아왔는데 어머니가 집에 계시지 않았다. 이에 철수는 형에게 다음과 같이 물었다.

""엄마 어디갔어?""

다음 보기에서 위 발화가 갖는 가장 적절한 의미를 고르세요.
(A) 철수는 자신의 어머니가 어디에 갔는지 알고 싶다.
(B) 철수는 형에게 함께 컴퓨터 게임을 하자고 제안한다.
(C) 철수는 어제 어머니에게 혼이 났다.
(D) 철수의 형은 휴가중이다.
(E) 정답 없음."," correct answer is (A) 철수는 자신의 어머니가 어디에 갔는지 알고 싶다.

The conversation is between 철수 (Chul-soo) and his 형 (older brother), and 철수 is asking his brother where their mother is. The phrase ""엄마 어디갔어?"" (eom-ma eodi-ga-seo) is a common Korean way of asking ""Where did mom go?"" or ""Where is mom now?"". Therefore, option (A) is the most suitable answer.",A,A,True
llama3:8b-instruct-q4_K_M,1,257,literal,korean,"민수는 철수와 함께 중국집에 갔고 직원은 민수와 철수에게 무엇을 주문하겠느냐고 물었다. 이에 민수는 다음과 같이 대답했다.

""저는 짜장면이요""

다음 보기에서 위 발화가 갖는 가장 적절한 의미를 고르세요.
(A) 민수는 짬뽕을 선호하지 않음을 나타낸다.
(B) 민수는 짜장면을 주문하고자 한다.
(C) 민수가 철수와 같은 메뉴를 주문하고자 함을 나타낸다.
(D) 철수가 민수와 다른 메뉴를 시킬 것임을 나타낸다.
(E) 정답 없음.","The correct answer is (B) 민수는 짜장면을 주문하고자 한다.

In this conversation, the employee asks 민수 and 철수 what they would like to order, and 민수 responds by saying ""저는 짜장면이요"" (I'll have the jjajangmyeon). This indicates that 민수 is making a request to order the jjajangmyeon dish.",B,B,True
llama3:8b-instruct-q4_K_M,1,259,literal,korean,"이번학기 '독어학의 이해' 수업을 듣는 철수는 지난학기 '독어학의 이해' 수업을 들은 영희에게 점수를 잘 받았는지 물어보았다. 그러자 영희는 다음과 같이 대답했다.

""다른 과목은 다 망쳤지만, 그래도 독어학의 이해는 A+ 받았어.""

다음 보기에서 위 발화가 갖는 가장 적절한 의미를 고르세요.
(A) 영희는 철수도 이번학기 '독어학의 이해' 수업에서 A+을 받을 것이라고 확신한다.
(B) 영희는 지난학기 '독어학의 이해' 수업에서 A+을 받았다.
(C) 영희는 철수에게 '독어학의 이해' 수업을 듣지 말라고 설득하고 있다.
(D) 영희는 지난학기 다른 과목에서도 A+을 받았다.
(E) 정답 없음.","정답은 (B)입니다.

위 발화에서 영희는 ""다른 과목은 다 망쳤지만, 그래도 독어학의 이해는 A+ 받았어.""라고 말합니다. 이 말은 지난학기 '독어학의 이해' 수업에서 A+을 받았다는 것을 의미합니다. 즉, 영희는 철수가 물은 질문에 답하고 있다.",B,B,True
llama3:8b-instruct-q4_K_M,1,263,literal,korean,"채식주의자인 영희는 친구 철수와 저녁 식사 메뉴를 정하기 위해 어떤 음식을 먹을지 물었다. 그러자 철수는 다음과 같이 말했다.

""우리 오늘 저녁은 샐러드 먹을까?""

다음 보기에서 위 발화가 갖는 가장 적절한 의미를 고르세요.
(A) 철수는 영희가 채식주의자인 것에 대해 강한 불만을 나타내고 있다.
(B) 철수는 영희에게 오늘 저녁 메뉴로 샐러드를 먹자고 제안하고 있다.
(C) 철수는 영희에게 아직 배가 고프지 않다는 것을 넌지시 암시하고 있다.
(D) 철수는 영희에게 고기를 먹기에는 경제적으로 부담이 된다는 것을 표현하고 있다.
(E) 정답 없음.","The correct answer is (B) 철수는 영희에게 오늘 저녁 메뉴로 샐러드를 먹자고 제안하고 있다.

In this conversation, 철수 is suggesting to 영희 that they have salad for dinner tonight. This is a neutral and casual suggestion, and there is no indication of disapproval, dissatisfaction, or financial burden. Therefore, option (B) is the most appropriate interpretation.",B,B,True
llama3:8b-instruct-q4_K_M,1,264,literal,korean,"철수는 최근 개통한 GTX-A를 타면 동탄에서 수서까지 얼마나 걸릴지 궁금해 GTX-A를 타 봤다는 영희에게 물었다. 그러자 영희는 다음과 같이 대답했다.

""가격이 좀 비싸기는 한데, 빨라서 그런지 동탄에서 수서까지 겨우 19분 걸리더라.""

다음 보기에서 위 발화가 갖는 가장 적절한 의미를 고르세요.
(A) 영희는 GTX-A의 가격이 비싸기 때문에 가급적 타지 말 것을 권유하고 있다.
(B) 영희는 GTX-A를 타고 동탄에서 수서로 이동하면 19분이 걸린다는 사실을 알리고 있다.
(C) 영희는 자신이 앞으로 계속해서 GTX-A를 탈 것이라는 의지를 표명하고 있다.
(D) 영희는 철수에게 동탄으로 이사하지 말라고 말리고 있다.
(E) 정답 없음.","Correct answer: (B) 영희는 GTX-A를 타고 동탄에서 수서로 이동하면 19분이 걸린다는 사실을 알리고 있다.

The conversation is about how long it takes to travel from Dongtan to Suwon on the GTX-A, and the speaker (영희) is providing an answer to the question. The sentence ""가격이 좀 비싸기는 한데, 빨라서 그런지 동탄에서 수서까지 겨우 19분 걸리더라"" means ""Although it's a bit expensive, it's fast, so it takes only about 19 minutes from Dongtan to Suwon."" The speaker is simply sharing the information about the travel time, not making any other suggestions or recommendations.",B,B,True
llama3:8b-instruct-q4_K_M,1,269,literal,korean,"철수와 민수는 제주도 여행을 계획하고 있다. 민수는 차를 대여해야 할 것 같다면서 철수에게 운전할 수 있는지를 물었고, 철수는 다음과 같이 말했다.

""아니, 나 운전 못 해. 아직 면허가 없거든.""

다음 보기에서 위 발화가 갖는 가장 적절한 의미를 고르세요.
(A) 철수는 민수에게 자기 대신 운전하라고 요청하고 있다.
(B) 철수는 차를 대여하자는 민수의 의견에 반대 의견을 표하고 있다.
(C) 철수는 현재 운전을 할 수 없다.
(D) 철수는 운전하는 것을 좋아하지 않는다.
(E) 정답 없음.","Correct answer: (C) 철수는 현재 운전을 할 수 없다.

The conversation is about whether 철수 can drive, and 철수 explicitly states that he cannot drive because he doesn't have a driver's license yet. This implies that 철수 is not capable of driving at the moment, which is the most suitable interpretation of the conversation.",C,C,True
llama3:8b-instruct-q4_K_M,1,271,literal,korean,"철수는 급하게 집에서 나오느라 미처 우산을 가지고 오지 못했다. 갑자기 비가 몰아치자 철수는 근처 마트에 비치된 우산을 발견하고, 우산을 들고 종업원에게 가서 다음과 같이 말했다.

""이 우산 가격이 얼마인가요?""

다음 보기에서 위 발화가 갖는 가장 적절한 의미를 고르세요.
(A) 철수는 마트에서 우산을 판다는 사실을 믿을 수가 없다.
(B) 철수는 우산의 가격이 너무 비싸다고 생각하고 있다.
(C) 철수는 우산의 가격에 대해 묻고 있다.
(D) 철수는 우산을 핑계로 종업원과 친해지고 싶다.
(E) 정답 없음.","Correct answer: (C) 철수는 우산의 가격에 대해 묻고 있다.

In this scenario, 철수 (Cheol-su) is asking the price of the umbrella he just found at the nearby mart. He is inquiring about the cost of the umbrella, which is a normal and reasonable question to ask when purchasing something. Therefore, option (C) is the most suitable answer.",C,C,True
llama3:8b-instruct-q4_K_M,1,276,literal,korean,"영희와 철수는 목이 말라서 음료수를 사기 위해 편의점으로 갔다. 영희가 철수에게 무엇을 마실건지 묻자, 철수가 다음과 같이 대답했다.

""콜라를 마실지 제로콜라를 마실지 고민이야.""

다음 보기에서 위 발화가 갖는 가장 적절한 의미를 고르세요.
(A) 철수는 지금 물을 마시고 싶다.
(B) 철수는 콜라보다 제로콜라를 더 좋아한다.
(C) 철수는 콜라와 제로콜라 중 무엇을 마실지 고민 중이다.
(D) 철수는 평소에 콜라를 많이 마시지 않는다.
(E) 정답 없음.","Correct answer: (C) 철수는 콜라와 제로콜라 중 무엇을 마실지 고민 중이다.

The phrase """" (jeo-reo-kol-la-reul-ma-si-jyeo) literally means ""I'm thinking about whether to drink cola or zero cola"". The verb """" (jeo-reo-da) is a causative form of """" (jeo-reo-da), which means ""to think about"" or ""to consider"". So, the sentence implies that 철수 is weighing the options between cola and zero cola, rather than making a definitive decision.",C,C,True
llama3:8b-instruct-q4_K_M,1,281,literal,korean,"영희와 철수는 바다에 놀러왔지만 영희는 물에 들어가지 않겠다고 한다. 철수는 영희에게 왜 바다에 안 들어가는지 묻자, 영희가 다음과 같이 대답했다.

""어릴 적에 깊은 물에 빠진 기억이 있어서 물이 무서워.""

다음 보기에서 위 발화가 갖는 가장 적절한 의미를 고르세요.
(A) 영희는 철수가 바다에 얼른 들어갔으면 좋겠다.
(B) 영희는 산보다 바다를 더 좋아한다.
(C) 영희는 바다에 와서 매우 설렌다.
(D) 영희는 어릴 적 안 좋은 기억 때문에 바다에 들어가기 무섭다.
(E) 정답 없음.","The correct answer is (D) 영희는 어릴 적 안 좋은 기억 때문에 바다에 들어가기 무섭다.

The dialogue indicates that 영희 has a bad memory of being in deep water when she was young, which makes her afraid of water. This implies that she is hesitant to get into the water because of this past experience, which is the meaning of option (D).",D,D,True
llama3:8b-instruct-q4_K_M,1,283,literal,korean,"영희는 서점에서 책을 고르다가 철수를 마주쳤다. 철수가 영희에게 무슨 책을 보고 있었는지 묻자, 영희가 다음과 같이 대답했다.

""내가 좋아하는 작가의 로맨스 소설이 나와서 그거 보고 있었어.""

다음 보기에서 위 발화가 갖는 가장 적절한 의미를 고르세요.
(A) 영희는 로맨스 소설보다 추리 소설을 더 좋아한다.
(B) 영희는 철수에게 책을 추천받고 싶다.
(C) 영희는 평소에 책 읽는 것을 별로 좋아하지 않는다.
(D) 영희는 서점에서 좋아하던 작가의 로맨스 소설 신작을 보고 있었다.
(E) 정답 없음."," Correct answer: (D) 영희는 서점에서 좋아하던 작가의 로맨스 소설 신작을 보고 있었다.

The sentence ""내가 좋아하는 작가의 로맨스 소설이 나와서 그거 보고 있었어"" can be translated to ""I was looking at a romance novel by my favorite author"". This implies that 영희 was browsing books in the store and found a new romance novel by her favorite author, which she was interested in.",D,D,True
llama3:8b-instruct-q4_K_M,1,288,literal,korean,"영희와 철수는 같이 케이크를 만들기로 한다. 재료를 사기 위해 마트에 온 영희는 철수에게 무엇을 사야 할지 묻자, 철수가 다음과 같이 대답했다.

""빵이랑 생크림은 우리 집에 있어서, 케이크를 꾸밀 재료만 조금 사면 될 것 같아.""

다음 보기에서 위 발화가 갖는 가장 적절한 의미를 고르세요.
(A) 케이크를 사기 위해서는 빵집에 가야한다.
(B) 철수는 가장 먼저 빵을 사야한다고 생각한다.
(C) 철수는 초코 케이크를 좋아해서 초콜릿을 꼭 사야한다.
(D) 기본적인 재료는 있기 때문에 케이크를 꾸미는데 필요한 재료만 사면 된다.
(E) 정답 없음.","Correct answer: (D) 기본적인 재료는 있기 때문에 케이크를 꾸미는데 필요한 재료만 사면 된다.

The conversation implies that they already have the basic ingredients such as bread and cream at home, so they only need to buy a few additional ingredients to make the cake. The phrase """" (ke cake-keul mul-reul) means ""to make the cake"" or ""to prepare the cake"", not ""to buy the cake"". Therefore, option (D) is the most accurate interpretation of the conversation.",D,D,True
llama3:8b-instruct-q4_K_M,1,293,literal,korean,"영희가 철수에게 새로 나온 영화를 봤는지 묻자 철수는 다음과 같이 대답했다.

""여자 친구랑 같이 보러 가려고 했는데 일이 생겨서 못 봤어.""

다음 보기에서 위 발화가 갖는 가장 적절한 의미를 고르세요.
(A) 철수는 혼자서 새로 나온 영화를 보러 갔다.
(B) 철수는 여자친구와 다툼이 있었다.
(C) 철수는 영희와 새로 나온 영화를 보고자 한다.
(D) 철수는 영희와 새로 나온 영화를 보지 않겠다는 의미를 완곡하게 돌려 말하고 있다.
(E) 정답 없음."," correct answer is (D) 철수는 영희와 새로 나온 영화를 보지 않겠다는 의미를 완곡하게 돌려 말하고 있다.

The sentence ""여자 친구랑 같이 보러 가려고 했는데 일이 생겨서 못 봤어"" can be translated to ""I was planning to watch it with my girlfriend, but something came up and I couldn't go."" This implies that 철수 (Chul-soo) was planning to watch the movie with his girlfriend, but something unexpected happened and he couldn't go. The phrase ""여자 친구랑 같이"" (with my girlfriend) suggests that he was planning to watch the movie with someone, but it doesn't necessarily mean that he was watching it alone. Therefore, option (A) is not the most suitable answer.

Option (B) is also not suitable because there is no indication of a conflict or argument between 철수 and his girlfriend.

Option (C) is not correct because the sentence does not imply that 철수 was planning to watch the movie with 영희 (Yung-hee) specifically. Instead, it mentions his girlfriend.

Option (E) is not the correct answer because the sentence does make sense and conveys a clear meaning.",D,E,False
llama3:8b-instruct-q4_K_M,1,295,literal,korean,"철수는 버스를 타고 서울역에 가는 길에, 연세가 많아 보이시는 할머니가 버스를 타시는 것을 보고 앉아 있던 자리에서 일어나며 다음과 같이 말했다.

""할머니, 여기 앉으세요.""

다음 보기에서 위 발화가 갖는 가장 적절한 의미를 고르세요.
(A) 철수는 할아버지에게 자신의 자리에 앉을 것을 권유하고 있다.
(B) 철수가 앉아 있던 자리는 임산부석이었다.
(C) 할머니는 무거운 짐을 들고 계셔서 서 있을 수 없을 것이다.
(D) 철수는 버스에서 서서 가는 것을 더 좋아한다.
(E) 정답 없음.","Correct answer: (C) 할머니는 무거운 짐을 들고 계셔서 서 있을 수 없을 것이다.

In this scenario, 철수 (Cheol-su) is offering his seat to the elderly woman on the bus because she may be carrying a heavy load or having difficulty standing, implying that she needs a seat. This is a polite and courteous gesture, especially in Korean culture where elderly people are often shown respect and deference.",C,E,False
llama3:8b-instruct-q4_K_M,1,299,literal,korean,"철수는 도서관에서 책을 읽다가 영희를 마주쳤다. 영희가 철수에게 무슨 책을 읽고 있는지 묻자, 철수가 다음과 같이 대답했다.

""요즘 예술에 관심이 많아서, 미술 비평 관련된 책을 읽고 있어.""

다음 보기에서 위 발화가 갖는 가장 적절한 의미를 고르세요.
(A) 철수는 요즘 관심 있는 분야인 음악 비평 책을 읽고 있다.
(B) 철수는 소설을 매우 좋아한다.
(C) 철수는 도서관에서 시험 공부를 하는 중이다.
(D) 철수는 미술 관련 학과에 지원하고 싶다.
(E) 정답 없음.","The correct answer is (D) 철수는 미술 관련 학과에 지원하고 싶다.

The conversation is about 철수 reading a book related to art criticism, which suggests that he is interested in art and possibly considering a major or career related to art. The phrase ""요즘 예술에 관심이 많아서"" implies that he has been interested in art recently, which supports the idea that he is considering a path related to art.",D,E,False
llama3:8b-instruct-q4_K_M,1,300,literal,korean,"철수는 뮤지컬 관람권 2장을 가지고 있다. 영희와 같이 보러 가고 싶은 마음에 철수가 영희에게 이번 주말에 뭐하는지 묻자, 영희가 다음과 같이 대답했다.

""이번 주말에 친구들이랑 여행 가기로 했어.""

다음 보기에서 위 발화가 갖는 가장 적절한 의미를 고르세요.
(A) 영희는 이번 주말에 친구들과 영화를 보러 간다.
(B) 영희는 뮤지컬을 싫어한다.
(C) 영희는 오늘 뮤지컬을 보고싶다.
(D) 영희는 이번 주말에 다른 친구들과 뮤지컬을 보기로 했다.
(E) 정답 없음.","Correct answer: (D) 영희는 이번 주말에 다른 친구들과 뮤지컬을 보기로 했다.

The conversation goes like this:

철수: What are you doing this weekend?
영희: I'm going on a trip with my friends.

The key phrase is ""이번 주말에 친구들이랑 여행 가기로 했어"" (I'm going on a trip with my friends this weekend). This implies that 영희 has already made plans with other friends to go on a trip, which means she won't be able to go to the musical with 철수.

Option (A) is incorrect because it implies that 영희 is going to watch a movie with her friends, which is not mentioned in the conversation. Option (B) is also incorrect because it implies that 영희 dislikes musicals, which is not mentioned at all. Option (C) is incorrect because it implies that 영희 wants to watch a musical today, but the conversation is about her plans for this weekend.",D,E,False
llama3:8b-instruct-q4_K_M,1,5,quantity,chinese,"张伟与相恋多年的女友分手已经一年了。王芳问他是否还想念前女友，张伟回答说：

""过去的就留在过去吧。""

请在以下选项中选择最恰当地表达上述话语含义的选项。
(A) 张伟不再对他的前女友赋予意义。
(B) 过去的就是过去的。  
(C) 张伟沉湎于过去，不能活在当下。
(D) 张伟和王芳是老朋友。
(E) 没有正确答案。","The correct answer is (A) 张伟不再对他的前女友赋予意义。

The phrase ""过去的就留在过去吧"" (literally ""Leave the past in the past"") is a common Chinese idiom that means to let go of the past and not dwell on it. In this context, Zhang Wei is saying that he has moved on from his past relationship and no longer thinks about his ex-girlfriend. He is implying that he has accepted the breakup and is not still holding onto any feelings or emotions from the past.

Option (B) is a literal translation of the phrase, but it doesn't capture the idiomatic meaning.

Option (C) is the opposite of what Zhang Wei is saying - he is not stuck in the past, but has moved on.

Option (D) is not relevant to the conversation.

Option (E) is incorrect because there is a correct answer, which is (A).",A,A,True
llama3:8b-instruct-q4_K_M,1,7,quantity,chinese,"同一个俱乐部的张伟和王芳在上周的俱乐部会议上发生了争执。今天的俱乐部会议时间快到了，但张伟还没有来。俱乐部的朋友陈俊问王芳张伟来不来，王芳回答说：

""爱来不来。""

请在以下选项中选择最恰当地表达上述话语含义的选项。
(A) 王芳不在乎张伟来不来。
(B) 张伟可能来，也可能不来。    
(C) 王芳决定向张伟道歉。
(D) 王芳不善言辞。
(E) 没有正确答案。","正确答案是(B) 张伟可能来，也可能不来。

""爱来不来""是中国话语中的一种常见说法，表示“可能来，也可能不来”，是一种表达“不确定”或“不知道”的方式。

在这个场景中，王芳回答“爱来不来”，表明她不知道张伟是否会来，可能他来，也可能他不来。",B,A,False
llama3:8b-instruct-q4_K_M,1,11,quantity,chinese,"王芳跟父母闹别扭不吃饭，王芳的爸爸问妈妈王芳吃不吃饭，妈妈回答说：

""如果她想吃，就会出来吃。""

请在以下选项中选择最恰当地表达上述话语含义的选项。
(A) 如果王芳饿了会自己吃，所以不用担心。
(B) 如果王芳要吃，她就会吃。
(C) 因为王芳在减肥，所以不会吃饭。   
(D) 家庭和睦才能万事大吉。
(E) 没有正确答案。","正确答案是 (B) 如果王芳要吃，她就会吃。

妈妈的回答是：“如果她想吃，就会出来吃”，这句话的意思是，如果王芳想吃饭，她就会出来吃饭，而不是其他情况。因此，选项 (B) 最恰当地表达了妈妈的意思。",B,A,False
llama3:8b-instruct-q4_K_M,1,12,quantity,chinese,"妻子一直等待失踪多年的孩子，丈夫对妻子说：

""如果他没死，应该还活着。""

请在以下选项中选择最恰当地表达上述话语含义的选项。
(A) 孩子有可能还活着，所以不要放弃希望。
(B) 孩子可能还活着，也可能死于某种意外。  
(C) 是时候忘掉孩子，专注于自己的生活了。  
(D) 夫妻间的缘分难以割舍。
(E) 没有正确答案。","The correct answer is (A) 孩子有可能还活着，所以不要放弃希望。

The husband's statement ""如果他没死，应该还活着"" means that if the child is still alive, he should still be alive. The husband is suggesting that the possibility of the child still being alive is not zero, and therefore, the wife should not give up hope. The tone is encouraging and optimistic, implying that there is still a chance for the child to be found or for the wife to be reunited with him.",A,A,True
llama3:8b-instruct-q4_K_M,1,17,quantity,chinese,"张伟想知道过去跟他分手的前恋人住在哪里，王芳跟张伟说：

""应该在某个地方吧。""

请在以下选项中选择最恰当地表达上述话语含义的选项。
(A) 张伟的前恋人可能住在某个地方。  
(B) 关心之前恋人的近况毫无意义。
(C) 听了张伟的话，王芳也很好奇前恋人的近况。  
(D) 王芳的空间感很差。
(E) 没有正确答案。","The correct answer is (A) 张伟的前恋人可能住在某个地方。

The phrase ""应该在某个地方吧"" (yīng gāi zài mǒu gè fāng bǎ) is a polite way of expressing uncertainty or possibility. In this context, 王芳 is saying that 张伟's ex-girlfriend might be living somewhere, but she's not sure where. The phrase is equivalent to ""maybe she's living somewhere"" or ""she might be living somewhere"".",A,B,False
llama3:8b-instruct-q4_K_M,1,19,quantity,chinese,"当路过小吃店门口时，张伟问王芳身上有没有现金，王芳回答说：

""我只有大钱。""

请在以下选项中选择最恰当地表达上述话语含义的选项。
(A) 钱包里有一张面额大的纸币。  
(B) 王芳不想为了买个小吃将这个纸币换成零钱。
(C) 王芳有足够的钱，所以可以给张伟买很多小吃。
(D) 今天天气很冷。
(E) 没有正确答案。","正确答案是 (B) 王芳不想为了买个小吃将这个纸币换成零钱。

在中国，""大钱""是一种传统的说法，指的是大额纸币，而不是指钱包里有一张面额大的纸币。因此，王芳的回答是说她只有大钱，而不是指她有足够的钱，可以给张伟买很多小吃。

在这个语境中，王芳的回答暗示她不想为了买个小吃将这个大额纸币换成零钱，而是想保留这个大额纸币。",B,B,True
llama3:8b-instruct-q4_K_M,1,23,quantity,chinese,"正在计划去美国旅行的王芳为了变更预约，需要给酒店打电话，但对自己的英语没有信心。所以王芳问张伟能不能替她给美国酒店打电话，张伟说：

""我口语不太好。""

请在以下选项中选择最恰当地表达上述话语含义的选项。
(A) 张伟的英语口语不是很好。  
(B) 张伟不能为王芳给酒店打电话。  
(C) 张伟英语也算说得好，但比他好的人很多。
(D) 张伟口才很出众。
(E) 没有正确答案。","正确答案是 (A) 张伟的英语口语不是很好。

""我口语不太好""是指张伟的英语口语能力不是很高或不是很流畅，这与王芳需要张伟为她打电话的需求不符。",A,B,False
llama3:8b-instruct-q4_K_M,1,24,quantity,chinese,"张伟和王芳在一所小学的教学楼里玩捉迷藏。当张伟问一直看着他们玩的学校保安英姬在哪里时，保安回答说：

""王芳在学校里面。""

请在以下选项中选择最恰当地表达上述话语含义的选项。
(A) 保安告诉张伟王芳在学校里面。
(B) 保安不想泄露王芳在哪里。
(C) 保安表明自己是伪装成保安的王芳。
(D) 保安是王芳母亲的朋友。
(E) 没有正确答案。","正确答案是 (A) 保安告诉张伟王芳在学校里面。

在这个故事中，张伟问保安王芳在哪里，而保安回答说「王芳在学校里面」。这意味着保安告诉张伟，王芳在学校的某个地方，而不是在教学楼外或其他地方。保安没有隐瞒或误导张伟的信息，而是提供了王芳的位置信息。",A,B,False
llama3:8b-instruct-q4_K_M,1,29,quantity,chinese,"王芳和她的男朋友在一家高级餐厅吃了牛排。当她的朋友张伟问她味道如何时，王芳回答说：

""确实跟在家里吃的肉不一样。""

请在以下选项中选择最恰当地表达上述话语含义的选项。
(A) 从现在开始，王芳不会在家里吃肉了。
(B) 餐厅里的肉和家里的肉不是一个种类。
(C) 王芳对餐厅的牛排很满意。
(D) 王芳会邀请男朋友做客，为他做肉菜。
(E) 没有正确答案。","正确答案是 (C) 王芳对餐厅的牛排很满意。

王芳的回答是 ""确实跟在家里吃的肉不一样""，这里的 ""确实"" 表示确实有区别， ""跟在家里吃的肉"" 表示在家里吃的肉， ""不一样"" 表示不同。因此，王芳的回答是说，餐厅里的牛排和家里的肉不同，暗示她对餐厅的牛排很满意。

其他选项都不能正确地表达王芳的回答。",C,C,True
llama3:8b-instruct-q4_K_M,1,31,quantity,chinese,"张伟最近收到了奖金，所以给妹妹王芳买了一台游戏机。当他问王芳是否喜欢游戏机时，王芳说：

""确实是一分钱一分货。""

请在以下选项中选择最恰当地表达上述话语含义的选项。
(A) 王芳想要更贵型号的游戏机。
(B) 便宜和贵的游戏是有区别的。
(C) 王芳很喜欢游戏机。
(D) 王芳将高价出售游戏机。
(E) 没有正确答案。","The correct answer is (B) 便宜和贵的游戏是有区别的。

The phrase ""确实是一分钱一分货"" is a Chinese idiom that means ""you get what you pay for"" or ""you get what you pay for, nothing more, nothing less"". It implies that the quality or value of something is directly related to its price. In this context, 王芳 is saying that she appreciates the fact that her brother, 张伟, bought her a game console that is worth the price he paid for it. She is not expressing any dissatisfaction with the gift, but rather acknowledging that she gets what she pays for.

Therefore, option (B) is the most accurate interpretation of 王芳's statement.",B,C,False
llama3:8b-instruct-q4_K_M,1,35,quantity,chinese,"王芳在一个乐队选秀节目中看到了一个孩子的精彩表演，对她旁边的张伟说：

""他才七岁。""

请在以下选项中选择最恰当地表达上述话语含义的选项。
(A) 王芳将与节目参赛者组成一个乐队。
(B) 参加节目的选手都是七岁。
(C) 王芳赞叹参赛者的实力。
(D) 王芳决定转到实用音乐系。
(E) 没有正确答案。","正确答案是 (C) 王芳赞叹参赛者的实力。

在这个句子中，王芳说了一个孩子的精彩表演，对她旁边的张伟说：「他才七岁。」。这里的「他」指的是这个孩子，「才七岁」是指这个孩子的年龄。王芳的语气是赞叹和惊讶的，所以她说出这个孩子的年龄是为了表达她的赞叹和惊讶，表示这个孩子的表演非常出色。",C,C,True
llama3:8b-instruct-q4_K_M,1,36,quantity,chinese,"作为一名大学讲师，张伟教一门涉及入门级内容的课程。当前辈讲师王芳问他讲课怎么样，张伟说：

""讲课确实跟想的不一样。""

请在以下选项中选择最恰当地表达上述话语含义的选项。
(A) 张伟轻松地进行了讲课。
(B) 张伟的课是大学开设的课程。
(C) 虽然课程内容属于初级水平，但讲课并不容易。
(D) 张伟明白了讲课这个词的含义。
(E) 没有正确答案。","正确答案是 (C) 虽然课程内容属于初级水平，但讲课并不容易。

张伟说 ""讲课确实跟想的不一样""，这里的 ""想"" 是指自己的期望或想法。""跟想的不一样"" 的意思是，张伟的讲课结果与自己预期的结果不同。因此，这句话表明，虽然课程内容属于初级水平，但是张伟的讲课并不是他所想的那样顺利或轻松。

选项 (A) 和 (E) 都不正确，因为这句话不表明讲课轻松或没有错误。选项 (B) 是正确的，但它只是一般信息，而不是这句话的主要含义。选项 (D) 也不是正确的，因为这句话不表明张伟对讲课的理解。",C,C,True
llama3:8b-instruct-q4_K_M,1,41,quantity,chinese,"法语专业毕业生张伟跟王芳一起去法国旅游。虽然长时间没有用法语，张伟还是能讲一口流利的法语，王芳看到后说：

""专业生就是专业生。""

请在以下选项中选择最恰当地表达上述话语含义的选项。
(A) 张伟有出色的法棍烘焙技巧。
(B) 张伟是法语专业的。
(C) 张伟的法语不如预期。
(D) 张伟的法语非常好。
(E) 没有正确答案。","A nice idiomatic expression! 😊

The correct answer is (D) 张伟的法语非常好。

The phrase ""专业生就是专业生"" is an idiomatic expression in Chinese, which literally means ""a professional is indeed a professional"". It is often used to express admiration or surprise at someone's exceptional performance or skills in their profession. In this context, 王芳 is saying that since 张伟 is a graduate of the French major, he is indeed proficient in French, as expected.

So, the correct translation is: ""张伟的法语非常好"" (Zhang Wei's French is very good).",D,D,True
llama3:8b-instruct-q4_K_M,1,43,quantity,chinese,"明天是王芳的生日。当张伟问王芳想要什么生日礼物时，王芳说：

""好东西。""

请在以下选项中选择最恰当地表达上述话语含义的选项。
(A) 王芳根本不希望张伟给她买任何东西。
(B) 王芳希望张伟给她买张伟自己喜欢的东西。
(C) 王芳希望张伟给她买贵重的东西。
(D) 王芳希望张伟给她买一些她喜欢的东西。
(E) 没有正确答案。","A nice question! 😊

The correct answer is (D) 王芳希望张伟给她买一些她喜欢的东西。

When 王芳 says ""好东西"" (hǎo chéng wù), she means ""a good thing"" or ""something nice"". In this context, she is expressing a vague hope that 张伟 (Zhāng Wěi) will give her a birthday gift that she likes. The phrase ""好东西"" is a polite way of saying ""I don't have a specific preference, but something nice would be great"".

Option (A) is incorrect because 王芳 is not explicitly refusing any gifts or expressing disappointment.

Option (B) is also incorrect because 王芳 is not asking for something that 张伟 likes, but rather something that she likes.

Option (C) is unlikely because 王芳 is not mentioning anything about the price or value of the gift.

Option (E) is incorrect because there is a correct answer, which is (D).",D,D,True
llama3:8b-instruct-q4_K_M,1,48,quantity,chinese,"搬到新小区的张伟发现小区火车停运的公告。张伟问在这个小区长大的王芳是否总是没有火车，王芳回答说：

""偶尔会这样。""

请在以下选项中选择最恰当地表达上述话语含义的选项。
(A) 王芳鼓励张伟在铁路公司找一份工作。
(B) 火车有时会停运。
(C) 不推荐在这个小区里乘火车。
(D) 火车不是一直停运的。
(E) 没有正确答案。","正确答案是 (B) 火车有时会停运。

王芳的回答 ""偶尔会这样"" 是指火车停运不是常态，而是 occasionally 发生这种情况。因此，选项 (B) 火车有时会停运最恰当地表达了上述话语的含义。",B,D,False
llama3:8b-instruct-q4_K_M,1,53,quantity,chinese,"王芳问张伟为什么突然决定出国留学，张伟回答说：

""因为人生只有一次。""

请在以下选项中选择最恰当地表达上述话语含义的选项。
(A) 张伟决定出国留学是因为父母的鼓励。
(B) 在决定留学之前，需要好好考虑。
(C) 张伟决定出国留学是因为人生怎么样都无所谓。
(D) 没有人能预测自己的未来。
(E) 没有正确答案。","The correct answer is (C) 张伟决定出国留学是因为人生怎么样都无所谓。

The phrase ""因为人生只有一次"" (yīn wèi rén shēng zhǐ yǒu yī cì) is a idiomatic expression that means ""because life is only once"" or ""because life is fleeting"". It's a metaphorical way of saying that life is short and precious, and one should make the most of it. In this context, 张伟 is saying that they decided to study abroad because they want to make the most of their life and seize the opportunity, implying that they don't want to waste their youth or regret not taking the chance.

Option (C) best captures the essence of the phrase, while the other options don't accurately convey the meaning.",C,E,False
llama3:8b-instruct-q4_K_M,1,55,quantity,chinese,"张伟两手拎着沉重的东西，教授问他是否拿得动，张伟说：

""教授，我是个男子汉。""

请在以下选项中选择最恰当地表达上述话语含义的选项。
(A) 张伟一个人搬不动所有的行李。  
(B) 教授在生物学上是个男人。
(C) 张伟在医学上变成了男人。
(D) 张伟有女朋友。
(E) 没有正确答案。","A classic Chinese idiom! 😄

The correct answer is (A) 张伟一个人搬不动所有的行李。

The phrase """" (wǒ shì nán zǐ hàn) literally means ""I am a man"" or ""I am a gentleman"", but it's often used to express confidence or determination, implying that the speaker is capable of handling a difficult task.

In this context, 张伟 is saying that he is a man (capable and strong) and can definitely carry the heavy things, no matter how difficult it seems. The professor is asking if he can carry the heavy things, and 张伟 is responding with a confident ""I can do it, I'm a man!""",A,E,False
llama3:8b-instruct-q4_K_M,1,60,quantity,chinese,"张伟和家人一起来看电影。当他的女朋友王芳反复问他在哪里时，张伟说：

""我正坐在万达影城学院路店的3号厅J排12号。""

请在以下选项中选择最恰当地表达上述话语含义的选项。
(A) 张伟的家人对王芳的问题感到不满。
(B) 张伟坐在电影院的4号厅J 排。
(C) 张伟觉得王芳不会再提问感到失望。
(D) 张伟打算离开电影院。
(E) 没有正确答案。","正确答案是 (E) 没有正确答案。

张伟的回答是对王芳的反复问询的回答，他告诉她自己坐在万达影城学院路店的3号厅J排12号，这样可以让王芳知道自己的位置而不再问了。因此，这个回答并没有表达任何不满、失望或离开电影院的意思。

选项(A)和(C)都是错误的，因为张伟的回答并没有表达任何不满或失望的感情。选项(B)也错误，因为张伟明确地告诉王芳自己坐在3号厅J排12号，而不是4号厅J排。选项(D)也错误，因为张伟的回答并没有表达离开电影院的意思。",E,E,True
llama3:8b-instruct-q4_K_M,1,65,quality,chinese,"王芳每次都笑着听丈夫耍酒疯，王芳的朋友张伟对她说：

""你真是个菩萨。""

请在以下选项中选择最恰当地表达上述话语含义的选项。
(A) 王芳非常有耐心。
(B) 王芳是皈依佛教的菩萨。
(C) 王芳和她丈夫相处的样子令人开心。
(D) 王芳胖了很多。
(E) 没有正确答案。","The correct answer is (A) 王芳非常有耐心。

The phrase ""菩萨"" (púsǎ) is a Chinese idiom that means ""a saint"" or ""a paragon of virtue"", but in this context, it is used to describe someone who is extremely patient and tolerant. The speaker, 张伟 (Zhāng Wěi), is praising 王芳 (Wáng Fāng) for her ability to laugh off her husband's eccentric behavior, implying that she is very patient and understanding.

Option (B) is incorrect because there is no evidence to suggest that 王芳 is a Buddhist monk or nun.

Option (C) is also incorrect because while the scene may be amusing, the speaker's intention is to praise 王芳's patience, not her husband's behavior.

Option (D) is unrelated to the conversation and is not a plausible interpretation of the phrase ""菩萨"".

Option (E) is incorrect because there is a correct answer, which is (A).",A,A,True
llama3:8b-instruct-q4_K_M,1,67,quality,chinese,"张伟正在练习小提琴，在一旁听着的王芳说：

""我家狗也应该比你拉得好。""

请在以下选项中选择最恰当地表达上述话语含义的选项。
(A) 张伟的小提琴演奏实力很糟糕。
(B) 王芳养的狗比张伟更会拉小提琴拉。
(C) 张伟的小提琴演奏非常棒，连小狗都能感动。
(D) 张伟有一只猫。
(E) 没有正确答案。","正确答案是 (A) 张伟的小提琴演奏实力很糟糕。

在这里，王芳的言语是对张伟小提琴演奏的嘲讽和讥讽，她认为自己的狗可以比张伟更好地拉小提琴，这是对张伟小提琴演奏实力的否定和嘲讽。",A,A,True
llama3:8b-instruct-q4_K_M,1,72,quality,chinese,"王芳看到张伟买了泡面、零食和饮料后说道：

""你是要开一家便利店吗？""

请在以下选项中选择最恰当地表达上述话语含义的选项。
(A) 张伟买了很多泡面、零食和饮料。
(B) 张伟开了一家便利店。
(C) 王芳希望张伟再去便利店买更多的零食。
(D) 张伟很受朋友欢迎。
(E) 没有正确答案。","正确答案是 (A) 张伟买了很多泡面、零食和饮料。

王芳的语句是指张伟买了很多常见的便利店商品（泡面、零食和饮料），因此王芳认为张伟是在准备开一家便利店。这里的语气是讥讽和笑话，而不是真的认为张伟真的要开一家便利店。",A,A,True
llama3:8b-instruct-q4_K_M,1,77,quality,chinese,"看到正在准备试镜的王芳唱歌的张伟说：

""你已经是个歌手了。""

请在以下选项中选择最恰当地表达上述话语含义的选项。
(A) 王芳是一名歌手。
(B) 王芳唱的非常好。
(C) 王芳经常参加试镜。
(D) 王芳有写作能力。
(E) 没有正确答案。","正确答案是 (A) 王芳是一名歌手。

张伟对王芳唱歌的评价是：“你已经是个歌手了”，这句话的意思是说王芳已经具备了歌手的能力和特质，即她已经是一个歌手了。",A,B,False
llama3:8b-instruct-q4_K_M,1,79,quality,chinese,"王芳问张伟昨天是不是去了图书馆，张伟回答说：

""你是个鬼吧。""

请在以下选项中选择最恰当地表达上述话语含义的选项。
(A) 王芳是鬼。
(B) 张伟昨天去了图书馆。
(C) 王芳动作很快。
(D) 王芳有一个弟弟。
(E) 没有正确答案。","A classic Chinese idiom! 😄

The correct answer is (E) 没有正确答案。

""你是个鬼吧"" (nǐ shì gǔi ba) is a common Chinese idiom that means ""Are you kidding me?"" or ""You must be joking!"" It's an expression of surprise, skepticism, or even frustration. In this context, 张伟 (Zhang Wei) is not answering the question ""Did you go to the library yesterday?"" literally, but rather expressing surprise at 王芳 (Wang Fang) asking such a question.

So, there is no correct answer among the options (A) to (D).",E,B,False
llama3:8b-instruct-q4_K_M,1,83,quality,chinese,"看到张伟拿走很多工作后，王芳说：

""他有十只手。""

请在以下选项中选择最恰当地表达上述话语含义的选项。
(A) 王芳有十只手。
(B) 王芳擅长她的工作。
(C) 王芳干事毫无头绪。
(D) 王芳的手掌很大。
(E) 没有正确答案。","A classic Chinese idiom! 😄

The correct answer is: (E) 没有正确答案。

The idiom ""他有十只手"" (tā yǒu shí zhī shǒu) literally means ""he has ten hands"", but figuratively means ""he is very capable or has many abilities"". It is often used to describe someone who can handle multiple tasks or responsibilities with ease.

In this context, 王芳 (Wáng Fāng) is saying that 张伟 (Zhāng Wěi) is extremely capable and can handle many tasks at once, implying that he has many hands to accomplish all the work.

So, options (A) to (D) do not accurately convey the intended meaning of the idiom.",E,B,False
llama3:8b-instruct-q4_K_M,1,84,quality,chinese,"王芳喝两瓶烧酒后说：

""我有两个肝。""

请在以下选项中选择最恰当地表达上述话语含义的选项。
(A) 王芳有两个肝。
(B) 王芳很能喝。
(C) 王芳的解酒能力很差。
(D) 王芳很年轻。
(E) 没有正确答案。","A classic Chinese idiom! 😄

The correct answer is (C) 王芳的解酒能力很差。 (Wáng Fāng's ability to handle liquor is very poor.)

In Chinese culture, it's a common phrase to say ""我有两个肝"" (wǒ yǒu liǎng gè piàn) after drinking too much, which literally means ""I have two livers."" This is a humorous way of acknowledging that one's liver is probably not functioning well due to excessive drinking. It's not meant to be taken literally, as humans only have one liver.

So, option (C) accurately conveys the intended meaning behind Wang Fang's statement.",C,B,False
llama3:8b-instruct-q4_K_M,1,89,quality,chinese,"张伟从王芳那里听说陈俊向朋友们传遍王芳上学期有一个课不合格的事，张伟说：

""他怎么这么亲切！""

请在以下选项中选择最恰当地表达上述话语含义的选项。
(A) 王芳很感谢张伟告诉她陈俊的行为。
(B) 张伟觉得陈俊与他的朋友分享王芳的最新消息是一种善举。
(C) 张伟不喜欢陈俊的行为。
(D) 张伟的目标是下学期毕业。
(E) 没有正确答案。","正确答案是 (C) 张伟不喜欢陈俊的行为。

在这个句子中，张伟说""他怎么这么亲切！""，""亲切""在这里是指陈俊对王芳的行为太亲切了，即对王芳的私事进行了分享，这是一种不该做的行为。因此，张伟的语气中包含了对陈俊的不满和不赞同。",C,C,True
llama3:8b-instruct-q4_K_M,1,91,quality,chinese,"王芳和朋友约好一起去野餐。当天早上王芳看到窗外大雨倾盆，说：

""真是个好天气。""

请在以下选项中选择最恰当地表达上述话语含义的选项。
(A) 王芳习惯于下雨的早晨。
(B) 王芳喜欢下雨的天气。
(C) 王芳由于外面下雨感到不快。
(D) 王芳不知道中午和朋友们一起吃什么。
(E) 没有正确答案。","正确答案是 (C) 王芳由于外面下雨感到不快。

王芳看到窗外大雨倾盆，应该感到不快，而不是真正认为这是个好天气。""好天气""是指晴朗的天气，而不是下雨的天气。因此，王芳的表达是伪装的，实际上她是感到不高兴。",C,C,True
llama3:8b-instruct-q4_K_M,1,95,quality,chinese,"从新闻中得知最近发生的酒驾死亡事件的罪犯被判处5年监禁后，王芳对旁边的张伟说：

""我们的国家真是个好国家，是吧？""

请在以下选项中选择最恰当地表达上述话语含义的选项。
(A) 道路交通网络等基础设施达到了发达国家的水平。
(B) 没有严厉的惩罚有助于提高生活质量。
(C) 王芳觉得量刑不充分，对此感到不满。
(D) 教育对国家的竞争力至关重要。
(E) 没有正确答案。","根据王芳对旁边的张伟说的话，应该选择选项(C)：王芳觉得量刑不充分，对此感到不满。

王芳说出了“我们的国家真是个好国家，是吧？”这句话，实际上是表达了对判决结果的不满和不满足。王芳认为，判处5年监禁的量刑太轻，认为国家应该对酒驾死亡事件的罪犯进行更严厉的惩罚。因此，选项(C) 是最恰当地表达上述话语含义的选项。",C,C,True
llama3:8b-instruct-q4_K_M,1,96,quality,chinese,"王芳的笔记本电脑出故障了，一直开不了机。当她正考虑要不要买个新的时，张伟走了过来拿着电脑摸了几下，电脑很快就可以开机了，王芳说：

""这是什么魔术。""

请在以下选项中选择最恰当地表达上述话语含义的选项。
(A) 王芳喜欢哈利波特。
(B) 张伟用他的魔法修好了笔记本电脑。
(C) 张伟修笔记本电脑的天赋令人惊叹。
(D) 张伟是计算机专业。
(E) 没有正确答案。","The correct answer is (C) 张伟修笔记本电脑的天赋令人惊叹。

In this context, ""魔术"" (mà jiào) is an idiomatic expression that means ""a remarkable or unexpected skill"" or ""a natural talent"". 王芳 is expressing her surprise and amazement at how 张伟 was able to fix the computer so easily, implying that 张伟 has a remarkable or unexpected talent for fixing computers.",C,C,True
llama3:8b-instruct-q4_K_M,1,101,quality,chinese,"在图书馆里，张伟看到王芳正忙着打字赶稿子，便对她说：

""我都看不到你的手。""

请在以下选项中选择最恰当地表达上述话语含义的选项。
(A) 张伟很担心王芳的健康。
(B) 张伟用肉眼看不到王芳的手。
(C) 王芳使用的是最新款的笔记本电脑。
(D) 王芳的打字速度非常快。
(E) 没有正确答案。","正确答案是 (D) 王芳的打字速度非常快。

原句 ""我都看不到你的手"" 是一个幽默的说法，暗示王芳的打字速度太快，导致张伟看不到她的手在打字。",D,D,True
llama3:8b-instruct-q4_K_M,1,103,quality,chinese,"王芳正在准备征集大赛的作品。但王芳怎么想也想不出满意的想法，她对张伟说：

""我脑子转不动了。""

请在以下选项中选择最恰当地表达上述话语含义的选项。
(A) 张伟的创造力不如王芳。
(B) 王芳的大脑不动了。
(C) 王芳主修脑科学。
(D) 王芳的创造力枯竭了。
(E) 没有正确答案。","The correct answer is (D) 王芳的创造力枯竭了。

The phrase """" (wǒ nǎo zōu bù dòng le) literally means ""my brain is not moving"" or ""my brain is stuck"", but the idiomatic translation is ""I'm stuck for ideas"" or ""I've lost my creative spark"". It's a common expression in Chinese to describe a state of being unable to think of anything creative or inspiring. So, in this context, 王芳 is saying that she has lost her creative inspiration and can't come up with a good idea for the competition.",D,D,True
llama3:8b-instruct-q4_K_M,1,107,quality,chinese,"新学期里，张伟和王芳上同一门课，张伟问王芳教授是什么样的人，王芳说：

""影子都不能踩。""

请在以下选项中选择最恰当地表达上述话语含义的选项。
(A) 王芳后悔选该教授的课。
(B) 教授不喜欢别人踩到自己的影子。
(C) 教授经常熬夜在实验室做研究。
(D) 教授性格很挑剔。
(E) 没有正确答案。","A classic lateral thinking puzzle! 😄

The correct answer is (B) 教授不喜欢别人踩到自己的影子.

The phrase ""影子都不能踩"" is a play on words. In Chinese, ""影子"" (yǐng zǐ) means ""shadow"", but it also sounds like ""影子都不能踩"" (yǐng zǐ dōu bù kè chī), which means ""no one can step on my shadow"".

So, when 王芳 says ""影子都不能踩"", it means that the professor is someone who doesn't like others to step on their ""shadow"", which is a metaphor for their personal space or authority. It's not about the professor's physical appearance, but rather their personality or behavior.

The other options are not accurate interpretations of the phrase.",B,D,False
llama3:8b-instruct-q4_K_M,1,108,quality,chinese,"在公园散步时，王芳突然听到了雷声，并急忙躲到附近的建筑里，王芳望着外面说：

""天空破了个洞。""

请在以下选项中选择最恰当地表达上述话语含义的选项。
(A) 王芳觉得在公园散步很无聊。
(B) 臭氧层破洞导致强烈雷击。
(C) 张伟的包被刺破了。
(D) 突然下起了阵雨。
(E) 没有正确答案。","正确答案是 (D) 突然下起了阵雨。

王芳说 ""天空破了个洞""，是指突然出现的雷声和雨势，让她感到天空似乎破了个洞，表示突然的强烈天气变化。",D,D,True
llama3:8b-instruct-q4_K_M,1,113,quality,chinese,"张伟和在王芳的约会迟到了大约 10 分钟，王芳对他说：

""你真是个诚实的人。""

请在以下选项中选择最恰当地表达上述话语含义的选项。
(A) 王芳担心张伟的健康。
(B) 张伟天生就是一个认真负责的人。
(C) 张伟离约定地点太远，无法按时到达。
(D) 王芳时间比较充裕。
(E) 没有正确答案。","The correct answer is (C) 张伟离约定地点太远，无法按时到达。

The phrase ""你真是个诚实的人"" (nǐ zhēn shì gè chéng shì de rén) means ""You are a truthful person"" or ""You are a sincere person"". In this context, 王芳 (Wáng Fāng) is praising 张伟 (Zhāng Wěi) for being honest about being late, implying that he is truthful about his reason for being late (i.e., he took about 10 minutes to arrive). Therefore, the most plausible interpretation is that 张伟 was late because he took too long to arrive, rather than having any other reason (such as worrying about his health or being naturally responsible).",C,E,False
llama3:8b-instruct-q4_K_M,1,115,quality,chinese,"张伟邀请王芳来看他新加入的戏剧俱乐部的演出。演出结束后，张伟获得了很多掌声。之后，王芳对张伟说：

""真是如虎添翼。""

请在以下选项中选择最恰当地表达上述话语含义的选项。
(A) 张伟在剧中没有演好自己的角色。
(B) 在演出中间，张伟的背上长出了翅膀。
(C) 张伟是剧中的临时演员。
(D) 王芳有丰富的戏剧经验。
(E) 没有正确答案。","The correct answer is (D) 王芳有丰富的戏剧经验。

The phrase """" (zhēn shì rù hǔ tiān yì) is an idiom that means ""to add wings to a tiger"", which is a metaphor for someone's performance or achievement being enhanced or magnified by external factors. In this context, 王芳 is saying that 张伟's performance was outstanding and impressive, just like a tiger with wings, implying that 王芳 is someone with a rich experience in the theater and can recognize a good performance.

Option (A) is incorrect because it implies that 张伟 did not perform well, which is the opposite of what 王芳 is saying.

Options (B) and (C) are also incorrect because they are absurd and unrelated to the context.

Option (E) is incorrect because there is a correct answer, which is (D).",D,E,False
llama3:8b-instruct-q4_K_M,1,120,quality,chinese,"数学课上，一位老师正在给学生们讲授一个新概念。课后，张伟对王芳说：

""一句也没听懂。""

请在以下选项中选择最恰当地表达上述话语含义的选项。
(A) 张伟听懂了老师在课堂上讲的所有内容。
(B) 张伟因为视力不好，看不清黑板上写的内容。
(C) 王芳在科学方面很有天赋。
(D) 老师与学生关系融洽。
(E) 没有正确答案。","The correct answer is (E) 没有正确答案。

The phrase ""一句也没听懂"" literally means ""I didn't understand a single sentence"", implying that the speaker, 张伟, did not comprehend any of the content presented by the teacher during the lesson. This does not imply that 张伟 saw the blackboard clearly (option B), had a special talent in science (option C), or had a good relationship with the teacher (option D). Nor does it mean that 张伟 understood everything the teacher said (option A).",E,E,True
llama3:8b-instruct-q4_K_M,1,125,relation,chinese,"张伟问王芳晚上要不要一起去看电影，王芳说：

""我明天在学会上有发表。""

请在以下选项中选择最恰当地表达上述话语含义的选项。
(A) 王芳晚上不能去电影院。
(B) 王芳会在明天学会上做发表。
(C) 他们明天可以去电影院。
(D) 张伟打算和王芳一起过暑假。
(E) 没有正确答案。","正确答案是：(A) 王芳晚上不能去电影院。

解释：王芳说「我明天在学会上有发表」，意思是明天她有重要的会议或发表，不能在晚上去电影院，所以她不能和张伟一起去电影院。",A,A,True
llama3:8b-instruct-q4_K_M,1,127,relation,chinese,"同事劝参加聚餐的张伟喝一杯，张伟说：

""我开车过来的。""

请在以下选项中选择最恰当地表达上述话语含义的选项。
(A) 张伟不想喝酒。
(B) 车停在停车场。
(C) 张伟打算喝酒。
(D) 张伟打算搬家。
(E) 没有正确答案。","正确答案是 (A) 张伟不想喝酒。

张伟说「我开车过来的」，实际上是表达自己开车来参加聚餐，并没有表达自己想喝酒的意图，而是想表达自己不能喝酒，因为开车的原因。因此，选项 (A) 张伟不想喝酒是最恰当地表达上述话语含义的选项。",A,A,True
llama3:8b-instruct-q4_K_M,1,132,relation,chinese,"张伟为了买一台新的笔记本电脑，和妈妈一起去了一家电器专卖店。当他告诉妈妈笔记本电脑的价格是一万块时，妈妈对他说：

""和一台冰箱的价格一样。""

请在以下选项中选择最恰当地表达上述话语含义的选项。
(A) 笔记本电脑的价格太高了。
(B) 笔记本电脑和冰箱的价格差不多。
(C) 冰箱和笔记本电脑一样便宜。
(D) 张伟的妈妈正在考虑买一台冰箱。
(E) 没有正确答案。","正确答案是 (B) 笔记本电脑和冰箱的价格差不多。

妈妈的语句是对张伟说笔记本电脑的价格是一万块时的一种回应，她说“和一台冰箱的价格一样”，暗示笔记本电脑的价格和冰箱的价格差不多。",B,A,False
llama3:8b-instruct-q4_K_M,1,137,relation,chinese,"张伟在路上遇到了正在传教的基督教徒。当基督教徒请张伟填写问卷时，张伟说：

""我信佛教。""

请在以下选项中选择最恰当地表达上述话语含义的选项。
(A) 张伟信奉佛教教义。
(B) 张伟不会填写问卷。
(C) 张伟正在考虑改信基督教。
(D) 张伟正在准备汉字考试。
(E) 没有正确答案。","The correct answer is (A) 张伟信奉佛教教义。

When 张伟 says ""我信佛教"" (I believe in Buddhism), he is indicating that he is a follower of Buddhism and accepts its teachings. This response is a direct answer to the question ""What do you believe in?"" and implies that he has a religious affiliation with Buddhism.

The other options are not accurate:

(B) 张伟不会填写问卷 is not relevant to the conversation, as 张伟 is not refusing to fill out the questionnaire.

(C) 张伟正在考虑改信基督教 is not supported by the text, as there is no indication that 张伟 is considering converting to Christianity.

(D) 张伟正在准备汉字考试 is unrelated to the conversation, as there is no mention of a Hanzi exam.

(E) 没有正确答案 is incorrect, as option (A) accurately reflects the meaning of 张伟's statement.",A,B,False
llama3:8b-instruct-q4_K_M,1,139,relation,chinese,"张伟问王芳明天早上要不要去慢跑，王芳说：

""我的膝盖韧带被撕裂过。""

请在以下选项中选择最恰当地表达上述话语含义的选项。
(A) 之前王芳的膝盖韧带撕裂过。
(B) 王芳不愿意和张伟一起慢跑。
(C) 王芳每天早上都去慢跑。
(D) 王芳被邀请参加朋友的生日聚会。
(E) 没有正确答案。","The correct answer is (A) 之前王芳的膝盖韧带撕裂过。

王芳的回答是""My膝盖韧带被撕裂过""，which means ""I have torn my knee ligament before"". This implies that 王芳 has a pre-existing condition, and this is the reason why she is hesitant to go jogging with 张伟 tomorrow morning.",A,B,False
llama3:8b-instruct-q4_K_M,1,144,relation,chinese,"当母亲问张伟明天是否去工作时，张伟说：

""明天打算睡懒觉。""

请在以下选项中选择最恰当地表达上述话语含义的选项。
(A) 张伟打算明天睡懒觉。
(B) 张伟明天不上班。
(C) 张伟不喜欢明天要上班的现实。
(D) 最近流行感冒。
(E) 没有正确答案。","正确答案是 (B) 张伟明天不上班。

解释：当母亲问张伟明天是否去工作时，张伟回答“明天打算睡懒觉”，这意味着他明天不打算去工作，而是想睡懒觉。",B,B,True
llama3:8b-instruct-q4_K_M,1,149,relation,chinese,"王芳问张伟吃没吃晚饭，张伟回答说：

""我刚到家。""

请在以下选项中选择最恰当地表达上述话语含义的选项。
(A) 王芳刚吃了晚饭。
(B) 张伟在家吃了晚饭。
(C) 张伟还没吃晚饭。
(D) 王芳和张伟一起吃了晚饭。
(E) 没有正确答案。","正确答案是 (C) 张伟还没吃晚饭。

解释：张伟回答说“我刚到家”，这意味着他刚刚回来家中，可能还没有吃晚饭。王芳问的是“吃没吃晚饭”，张伟的回答是自己还没有到家，所以他还没有吃晚饭。",C,C,True
llama3:8b-instruct-q4_K_M,1,151,relation,chinese,"张伟问王芳是否愿意和他一起去山上露营。王芳回答说：

""我讨厌虫子。""

请在以下选项中选择最恰当地表达上述话语含义的选项。
(A) 张伟和王芳喜欢露营。
(B) 王芳不喜欢虫子。
(C) 王芳不想在山上露营。
(D) 山里有很多虫子。
(E) 没有正确答案。","正确答案是(C) 王芳不想在山上露营。

解释：张伟问王芳是否愿意和他一起去山上露营，王芳回答说“我讨厌虫子”，这意味着王芳不想在山上露营，因为她讨厌虫子，而不是说她讨厌露营本身。",C,C,True
llama3:8b-instruct-q4_K_M,1,155,relation,chinese,"王芳和张伟正在打电话。王芳问张伟晚上是否愿意喝一杯，张伟说：

""我丈母娘来了。""

请在以下选项中选择最恰当地表达上述话语含义的选项。
(A) 张伟晚上要和丈母娘一起喝酒。
(B) 张伟在家与丈母娘度过美好时光。
(C) 张伟晚上不能出去喝酒。
(D) 丈母娘喜欢女婿。
(E) 没有正确答案。","正确答案是 (C) 张伟晚上不能出去喝酒。

在中国文化中，丈母娘指的是女婿的岳母，即女婿的岳母。张伟说""我丈母娘来了""，实际上是说他岳母来访，他晚上不能出去喝酒，因为他需要照顾岳母。",C,C,True
llama3:8b-instruct-q4_K_M,1,156,relation,chinese,"张伟问王芳是否可以喝酒，王芳说：

""我今天坐地铁过来的。""

请在以下选项中选择最恰当地表达上述话语含义的选项。
(A) 喝完酒不应该坐地铁。
(B) 王芳坐地铁上班。
(C) 王芳可以喝酒。
(D) 地铁2号线总是满员。
(E) 没有正确答案。","A clever question! 😄

The answer is (E) 没有正确答案。

The conversation is:

张伟 (Zhang Wei) asks 王芳 (Wang Fang) if she can drink wine.
王芳 (Wang Fang) replies ""我今天坐地铁过来的"" (I took the subway today).

The reply has nothing to do with drinking wine, but rather mentions that Wang Fang took the subway today. It's a non sequitur, a response that is unrelated to the original question.

Therefore, there is no correct answer among the options provided.",E,C,False
llama3:8b-instruct-q4_K_M,1,161,relation,chinese,"张伟问王芳周三能不能去邮局替他寄一封信，王芳说：

""星期三是劳动节。""

请在以下选项中选择最恰当地表达上述话语含义的选项。
(A) 5月有节假日。
(B) 邮局星期三不营业。
(C) 张伟劳动节去邮局。
(D) 王芳星期三不能替他寄信。
(E) 没有正确答案。","The correct answer is (D) 王芳星期三不能替他寄信。

王芳的回答是：""星期三是劳动节。""这意味着王芳星期三不能替张伟寄信，因为劳动节是一个公共假日，邮局可能不营业或有特殊的营业时间。",D,D,True
llama3:8b-instruct-q4_K_M,1,163,relation,chinese,"张伟问王芳是否喜欢昨天看的电影，王芳说：

""我一直在打哈欠。""

请在以下选项中选择最恰当地表达上述话语含义的选项。
(A) 王芳很喜欢昨天看的电影。
(B) 王芳很累。
(C) 王芳在看电影时睡着了。
(D) 王芳觉得昨天看的电影很无聊。
(E) 没有正确答案。","正确答案是 (B) 王芳很累。

""我一直在打哈欠"" 的意思是指王芳一直在打哈欠，表明她很累、很疲劳，而不是表达对电影的喜好或评价。",B,D,False
llama3:8b-instruct-q4_K_M,1,167,relation,chinese,"张伟问王芳是否看过老师推荐的电影，王芳回答说：

""昨天停电了。""

请在以下选项中选择最恰当地表达上述话语含义的选项。
(A) 老师推荐了一部好电影。
(B) 王芳家里经常停电。
(C) 张伟看了老师推荐的电影。
(D) 王芳没有看老师推荐的电影。
(E) 没有正确答案。","正确答案是 (D) 王芳没有看老师推荐的电影。

在上述对话中，王芳回答“昨天停电了”，实际上是表达了自己没有看老师推荐的电影的原因，而不是说老师推荐了一部好电影、自己的家里经常停电、还是自己看了老师推荐的电影。王芳的回答是说，因为昨天停电了，所以自己没有看老师推荐的电影。",D,D,True
llama3:8b-instruct-q4_K_M,1,168,relation,chinese,"张伟问王芳是否擅长游泳。王芳回答说：

""我老家不就在海边嘛。""

请在以下选项中选择最恰当地表达上述话语含义的选项。
(A) 海边住很多渔夫。
(B) 王芳的家乡离海边很近。
(C) 张伟不会游泳。
(D) 王芳是游泳特别好。
(E) 没有正确答案。","正确答案是(B) 王芳的家乡离海边很近。

王芳回答说""I 老家不就在海边嘛""，这里的""I 老家""指的是王芳的家乡，是指王芳出生和长大的地方。""不就在海边""是指王芳的家乡不是海边，但离海边很近。因此，王芳的回答暗示她在家乡附近有海边，可以游泳等水上活动。

选项(A) 和(C) 都不相关，选项(D) 是王芳回答的结果，但不是她回答的内容。选项(E) 是错误的，因为王芳的回答确实有正确答案。",B,D,False
llama3:8b-instruct-q4_K_M,1,173,relation,chinese,"王芳问张伟要不要一起去游泳，张伟说：

""我回去看看家里有没有泳衣。""

请在以下选项中选择最恰当地表达上述话语含义的选项。
(A) 张伟是一名游泳教练。
(B) 张伟家附近有一个游泳池。
(C) 张伟不想去游泳。
(D) 张伟喜欢吃夜宵。
(E) 没有正确答案。","正确答案是 (C) 张伟不想去游泳。

王芳问张伟要不要一起去游泳，张伟说“我回去看看家里有没有泳衣”，这句话的意思是张伟需要先回家检查自己是否有泳衣，如果有的话才可以和王芳一起去游泳。如果张伟已经有泳衣了，这句话也可以表达出他需要先回家拿泳衣的意思。但是，如果张伟真的不想去游泳，那么这句话也可以被解释为他不想去游泳，但是他不想直接说出“不想去”，而是用“回去看看家里有没有泳衣”来推脱。

因此，选项 (C) 张伟不想去游泳是最恰当地表达上述话语含义的选项。",C,E,False
llama3:8b-instruct-q4_K_M,1,175,relation,chinese,"张伟问王芳夏天要不要和他一起去海边旅行，王芳回答说：

""我怕水。""

请在以下选项中选择最恰当地表达上述话语含义的选项。
(A) 王芳愿意去海边旅行。
(B) 王芳承认她恐高。
(C) 张伟计划夏天去大连旅行。
(D) 张伟沉思怎么能克服王芳的恐惧症。
(E) 没有正确答案。","正确答案是 (E) 没有正确答案。

王芳回答“我怕水”，表明她由于怕水而不愿意和张伟一起去海边旅行。这个回答不包含任何关于张伟计划夏天去大连旅行或王芳承认她恐高的信息。因此，选项 (A) 和 (C) 都不正确，选项 (D) 也没有根据王芳的回答。",E,E,True
llama3:8b-instruct-q4_K_M,1,179,relation,chinese,"张伟问脸色不好的王芳是不是生病了，王芳说：

""我昨天开着窗户睡的。""

请在以下选项中选择最恰当地表达上述话语含义的选项。
(A) 王芳很健康。
(B) 王芳中间起来关了窗户，之后睡了个好觉。
(C) 王芳想在家里再做一扇新窗户。
(D) 睡眠好有益健康。
(E) 没有正确答案。","The correct answer is (A) 王芳很健康。

The conversation is about whether 王芳 is sick or not, and 王芳's response is saying that she slept with the window open yesterday. This implies that she is healthy and had a good night's sleep, which is not related to being sick. Therefore, option (A) ""王芳很健康"" (Wang Feng is very healthy) is the most accurate expression of the meaning of the conversation.",A,E,False
llama3:8b-instruct-q4_K_M,1,180,relation,chinese,"张伟在与王芳打电话时，问王芳是否顺利坐上飞机，王芳说：

""我忘了夏令时已经开始了。""

请在以下选项中选择最恰当地表达上述话语含义的选项。
(A) 王芳错过了去法国的航班。
(B) 德国刚刚结束夏令时。
(C) 王芳正乘飞机前往德国。
(D) 大学生梦想去欧洲旅行。
(E) 没有正确答案。","A nice question! 😄

The correct answer is (C) 王芳正乘飞机前往德国。

Here's why:

""我忘了夏令时已经开始了"" (wǒ wàng le xià lì shí yǐ jiàn chéng le) means ""I forgot that daylight saving time has started"". This is a hint that 王芳 (Wang Fang) is traveling to a destination that is in a different time zone, and she is worried about the time difference.

In this context, it's likely that 王芳 is already on a flight to Germany, which is in Central European Time (CET) and has just started observing daylight saving time. She is reminding herself to adjust her clock to the new time.

So, option (C) is the most accurate interpretation of 王芳's statement. 👍",C,E,False
llama3:8b-instruct-q4_K_M,1,185,manner,chinese,"张伟在全家福上指着王芳的姐姐，问王芳她是谁，王芳说：

""那是我妈妈的大女儿。""

请在以下选项中选择最恰当地表达上述话语含义的选项。
(A) 王芳和她是姐妹，王芳只是调皮的说而已。
(B) 她是母亲的长女，与王芳没有血缘关系。
(C) 王芳和她的姐姐有秘密关系。
(D) 王芳的姐姐正处在困境。
(E) 没有正确答案。","正确答案是 (B) 她是母亲的长女，与王芳没有血缘关系。

在全家福上，张伟指着王芳的姐姐，问王芳她是谁。王芳回答说「那是我妈妈的大女儿」，这意味着王芳的姐姐是王芳的母亲的长女，而不是王芳的姐妹。因此，选项 (A) 和 (C) 都不正确。选项 (D) 也不正确，因为没有任何暗示王芳的姐姐正处在困境。选项 (E) 也不是正确答案，因为王芳的回答是有意义和合法的。",B,A,False
llama3:8b-instruct-q4_K_M,1,187,manner,chinese,"张伟喜欢相亲时认识的王芳，想再次约她出去。当张伟问王芳什么时候能再见面时，王芳说：

""有时间的话再见吧。""

请在以下选项中选择最恰当地表达上述话语含义的选项。
(A) 王芳想拒绝张伟。
(B) 王芳建议他们有空时再见面。
(C) 王芳想再见张伟，但没有时间。
(D) 王芳会去看望张伟的父母。
(E) 没有正确答案。","正确答案是 (B) 王芳建议他们有空时再见面。

王芳的回答 ""有时间的话再见吧"" 是一种开放式的邀请，表明她愿意再次见面，但需要等到有空闲的时间。这种回答并不是拒绝的信号，也不是确切的约定，而是留下了空间让张伟选择是否再次约她出去。",B,A,False
llama3:8b-instruct-q4_K_M,1,191,manner,chinese,"王芳担心父母会不会喜欢她选择的礼物，张伟告诉她：

""我从没见过不喜欢的人。""

请在以下选项中选择最恰当地表达上述话语含义的选项。
(A) 王芳不用担心。
(B) 一般人都会喜欢王芳选的礼物。
(C) 王芳选择的礼物相对便宜。
(D) 王芳经常和母亲一起出去吃饭。
(E) 没有正确答案。","正确答案是 (A) 王芳不用担心。

张伟的话语的意思是，王芳不需要担心父母不喜欢她选择的礼物，因为他从来没有见过不喜欢的人，这话语表达了对礼物的祝福和祝福的可能性。因此，王芳不用担心父母不喜欢她选择的礼物。",A,A,True
llama3:8b-instruct-q4_K_M,1,192,manner,chinese,"房东问王芳房子怎么样，王芳环顾四周后说：

""看起来还不错，但我需要考虑一下。""

请在以下选项中选择最恰当地表达上述话语含义的选项。
(A) 王芳不喜欢她看到的房间。
(B) 王芳觉得房子不错，但她还不确定。
(C) 王芳非常喜欢这个房子，想马上签租约。
(D) 王芳打算搬进宿舍。
(E) 没有正确答案。","正确答案是 (B) 王芳觉得房子不错，但她还不确定。

在这个场景中，房东问王芳房子怎么样，王芳环顾四周后说：“看起来还不错，但我需要考虑一下。”这句话表明王芳看到的房子还不错，但她还需要思考和考虑一下，可能是考虑租约的条件、房子的实际情况等等。因此，选项 (B) 是最恰当地表达上述话语含义的选项。",B,A,False
llama3:8b-instruct-q4_K_M,1,197,manner,chinese,"当妻子看到了丈夫新买了个手表，便问他在哪里买的，丈夫说：

""你看，昨天金组长求我一起去挑他女朋友的礼物，我就跟他一起去了。在那里他看到这块表之后，就说特别适合我......""

请在以下选项中选择最恰当地表达上述话语含义的选项。
(A) 因为金组长的推荐，他被迫买下这块表。
(B) 买这块表是个合理的选择。
(C) 丈夫和金组长的女朋友开始交往了。
(D) 丈夫将往手表的原产国瑞士旅行。
(E) 没有正确答案。","正确答案是 (A) 因为金组长的推荐，他被迫买下这块表。

丈夫的回答中，明确表明他是因为金组长的建议和推荐才买下这块表的。即使他说是金组长的女朋友认为这块表特别适合他，但实际上他可能是被金组长强烈推荐和压力下才购买的。",A,B,False
llama3:8b-instruct-q4_K_M,1,199,manner,chinese,"当平时学习很好的王芳问张伟电工资格考试难度如何时，张伟说：

""应该不容易吧。""

请在以下选项中选择最恰当地表达上述话语含义的选项。
(A) 无论发生什么，都不能说容易。
(B) 即使王芳学习很好，考试也不容易。
(C) 还没有人通过考试。
(D) 很难找到铁甲和好品种的马。
(E) 没有正确答案。","The correct answer is (B) 即使王芳学习很好，考试也不容易。

The phrase """" (bǎ yīng gāi bù róng yì) is a common Chinese idiom that means ""it's not easy, even if"" or ""it's not easy, no matter how"". In this context, 张伟 (Zhāng Wēi) is saying that even if 王芳 (Wáng Fāng) has been studying well, the electrician qualification exam is still not easy. The tone is more like a hint of understatement, implying that the exam is challenging, rather than a direct statement of difficulty.",B,B,True
llama3:8b-instruct-q4_K_M,1,204,manner,chinese,"公司里有一个经常对下属提出不正当要求的上司，当王芳问张伟是否会继续做这个上司指示的事时，张伟说：

""我也不能不做啊。""

请在以下选项中选择最恰当地表达上述话语含义的选项。
(A) 张伟不会说“不做”这个词。
(B) 虽然张伟不想听从上司的要求，但他别无选择，只能这样做。
(C) 张伟会比上司先升职，以同样的方式报复上司。
(D) 张伟准备下个月离职。
(E) 没有正确答案。","The correct answer is (B) 虽然张伟不想听从上司的要求，但他别无选择，只能这样做。

When 张伟 says ""我也不能不做啊"" (I also can't not do it), he is expressing that he is unable to refuse the request from his superior, implying that he is being forced to comply. The phrase ""不能不做"" (can't not do it) is a common Chinese idiom that means ""I have no choice but to do it"". In this context, 张伟 is saying that he doesn't want to do it, but he has no other option but to comply with the superior's request.",B,B,True
llama3:8b-instruct-q4_K_M,1,209,manner,chinese,"当张伟向王芳表白，王芳说：

""作为朋友我真的很喜欢你，但是我现在状态不适合和别人在一起。""

请在以下选项中选择最恰当地表达上述话语含义的选项。
(A) 张伟和王芳性格很合得来。
(B) 王芳想和张伟的哥哥约会。
(C) 王芳不想和张伟谈恋爱。
(D) 男女之间没有朋友。  
(E) 没有正确答案。","正确答案是：(C) 王芳不想和张伟谈恋爱。

解释：王芳说“作为朋友我真的很喜欢你”，表明她和张伟有着良好的友谊关系。但是，她接着说“但是我现在状态不适合和别人在一起”，表明她现在不想和任何人在一起，包括张伟。这意味着她不想和张伟谈恋爱，而是想保持友谊关系。",C,C,True
llama3:8b-instruct-q4_K_M,1,211,manner,chinese,"张伟问王芳她家小狗过得怎么样，王芳说：

""应该在天堂玩耍吧？""

请在以下选项中选择最恰当地表达上述话语含义的选项。
(A) 王芳的狗喜欢玩耍。  
(B) 王芳的小狗在天堂。
(C) 王芳的小狗死了。
(D) 张伟和王芳好久没见。
(E) 没有正确答案。","正确答案是 (C) 王芳的小狗死了。

在中文中，「在天堂」是一种常见的说法，用于表达某人或某物已经去世，特别是指动物或人死亡。王芳的回答「应该在天堂玩耍吧？」暗示了她的小狗已经去世，或者已经死亡，无法在现实中玩耍了。",C,C,True
llama3:8b-instruct-q4_K_M,1,216,manner,chinese,"当健身教练问王芳是不是胖了，王芳说：

""我平时一直在节食，午餐和晚餐基本都是鸡胸肉，但是这个星期五我们团队聚餐，我们组长说每个人都必须参加，我们组长真的很可怕，所以我没法不参加。聚餐时周围人都劝酒，我只好喝了，喝着喝着我就一起吃了一点下酒菜......""

请在以下选项中选择最恰当地表达上述话语含义的选项。
(A) 王芳经常锻炼身体。  
(B) 王芳平日吃鸡胸肉，周五去聚餐了。
(C) 王芳为自己的体重增加找借口。  
(D) 随着肌肉的增加，体重也会增加。
(E) 没有正确答案。","根据王芳的话语，选项(C) 王芳为自己的体重增加找借口最恰当地表达上述话语含义。

王芳说她平时节食，午餐和晚餐基本都是鸡胸肉，但是她周五参加聚餐，喝酒和吃下酒菜，这说明她可能会增加体重。然而，她的解释是她组长说每个人都必须参加聚餐，自己没法不参加，这样可以看出她是在为自己的体重增加找借口。",C,C,True
llama3:8b-instruct-q4_K_M,1,221,manner,chinese,"当张伟问他的姐姐王芳今天穿得怎么样时，王芳说：

""我忍不住要说你的坏话。""

请在以下选项中选择最恰当地表达上述话语含义的选项。
(A) 天气炎热时很难进行户外活动。
(B) 王芳必须要说出坏话。  
(C) 穿适合自己的衣服很重要。
(D) 张伟穿得很糟糕。
(E) 没有正确答案。","The correct answer is (D) 张伟穿得很糟糕。

When 王芳 says ""我忍不住要说你的坏话"", she is implying that she is tempted to say something bad about 张伟's outfit, but she is not actually saying it. The phrase ""忍不住"" means ""can't help it"" or ""can't resist"", so 王芳 is saying that she is strongly tempted to say something negative about 张伟's clothes, but she is not actually saying it. Therefore, the most likely meaning is that 张伟's outfit is not good or is ugly.",D,D,True
llama3:8b-instruct-q4_K_M,1,223,manner,chinese,"张伟最近身体变壮了。陈俊问张伟的好朋友王芳，张伟最近是不是经常做运动，王芳告诉他：

""他一天不落去健身房。""

请在以下选项中选择最恰当地表达上述话语含义的选项。
(A) 蛋白质对锻炼肌肉很重要。
(B) 张伟每天都去健身房。
(C) 张伟在家里锻炼，而不是去健身房。  
(D) 张伟经常锻炼身体。
(E) 没有正确答案。","正确答案是 (B) 张伟每天都去健身房。

原句中，王芳说 ""他一天不落去健身房""，其中的 ""一天不落"" 是一个习语，表示 ""不间断"" 或 ""每天"" 的意思。因此，王芳的回答是指张伟每天都去健身房，而不是指他每天都锻炼身体。",B,D,False
llama3:8b-instruct-q4_K_M,1,227,manner,chinese,"当王芳称赞画家张伟画的画时，张伟说：

""就是用笔随便画的而已。""

请在以下选项中选择最恰当地表达上述话语含义的选项。
(A) 美术馆吸引了很多粉丝。  
(B) 画就是在纸上的用笔画的。
(C) 画家的画价值很高。
(D) 张伟对自己的画很谦虚。
(E) 没有正确答案。","正确答案是 (D) 张伟对自己的画很谦虚。

在上述对话中，王芳称赞张伟的画，张伟却说“就是用笔随便画的而已”，这句话表明张伟对自己的画没有太多的自豪感和夸张，反而认为自己的画是随便画的，没有什么特别的价值。这体现了张伟对自己的画的谦虚和谦卑的态度。",D,D,True
llama3:8b-instruct-q4_K_M,1,228,manner,chinese,"当张伟给王芳看一位著名足球运动员的精彩进球时，王芳说：

""不就是把球踢进了球门吗？""

请在以下选项中选择最恰当地表达上述话语含义的选项。
(A) 著名球员的身价很高。
(B) 把球踢进球门就是进球。
(C) 足球运动员的球技令人惊叹。
(D) 王芳对足球运动员的表现没有太大的兴趣。
(E) 没有正确答案。","正确答案是 (D) 王芳对足球运动员的表现没有太大的兴趣。

王芳的评论""不就是把球踢进了球门吗？""表明她对著名足球运动员的精彩进球不太感兴趣，觉得进球是一件简单的事情，不值得特别关注或表达赞赏。",D,D,True
llama3:8b-instruct-q4_K_M,1,233,manner,chinese,"在一家百货商店里，一个男人向张伟挥手打招呼。王芳问他是谁，不喜欢父亲的张伟回答说：

""那是我妈妈的丈夫。""

请在以下选项中选择最恰当地表达上述话语含义的选项。
(A) 挥手的人是张伟的叔叔。
(B) 挥手的男人是张伟母亲的朋友，与张伟没有任何关系。
(C) 这是张伟第一次见到向他挥手的人本人。
(D) 张伟对该男子所穿衣服的品牌感到好奇。
(E) 没有正确答案。","A clever question! 😄

The correct answer is (A) 挥手的人是张伟的叔叔。

The conversation goes like this:

Man: waves at someone (let's call him X)
王芳: asks who X is
张伟: replies ""那是我妈妈的丈夫"" (That's my mother's husband)

This implies that X is the husband of 张伟's mother, which means X is 张伟's stepfather or uncle.

So, the correct answer is (A) 挥手的人是张伟的叔叔.",A,E,False
llama3:8b-instruct-q4_K_M,1,235,manner,chinese,"张伟和王芳一起约会后，张伟很快计算出王芳该付多少钱，精确到最后一角。王芳对张伟说：

""你算得可真快。""

请在以下选项中选择最恰当地表达上述话语含义的选项。
(A) 王芳喜欢哲秀的性格。
(B) 张伟计算速度很慢。
(C) 王芳喜欢和张伟约会。
(D) 王芳不擅长数学。
(E) 没有正确答案。","正确答案是 (D) 王芳不擅长数学。

在话语中，王芳对张伟说：“你算得可真快”，表明张伟计算速度很快，王芳本人不擅长数学或计算，故选项 (D) 是最恰当的。",D,E,False
llama3:8b-instruct-q4_K_M,1,239,manner,chinese,"当张伟问王芳是否准时赴约时，王芳说：

""我比平时早起了一个小时，收拾了30 分钟就准备出门了。但是在过来的路上，地铁突然停了 20 分钟，所以我一下车就疯跑，最后终于坐上了公交车，但是今天是周末，所以路上特别堵车......""

请在以下选项中选择最恰当地表达上述话语含义的选项。
(A) 王芳为张伟迟到而担心。
(B) 地铁准时到达。
(C) 王芳通常从不迟到。
(D) 乘坐公共交通工具可以快捷移动。
(E) 没有正确答案。","正确答案是：(A) 王芳为张伟迟到而担心。

王芳说她比平时早起了一个小时，但是因为地铁停了 20 分钟，所以她才能够准时赴约。她的语言中没有表明她会准时到达，而是表明她为迟到而担心。",A,E,False
llama3:8b-instruct-q4_K_M,1,240,manner,chinese,"不会说英语的新员工张伟用中文写了一份报告，请上司审阅后，上司说：

""为了probe key argument，要有足够的detail和evidence。请更deep地develop一下报告。""

请在以下选项中选择最恰当地表达上述话语含义的选项。
(A) 上司喜欢张伟的报告。
(B) 上司打算让张伟去海外出差。
(C) 张伟在一家外企工作。
(D) 没有人一开始就写得好。
(E) 没有正确答案。","The correct answer is (D) 没有人一开始就写得好。

The boss's feedback is suggesting that Zhang Wei's report lacks sufficient detail and evidence, and needs to be developed further. This implies that the boss is not satisfied with the report and is providing guidance on how to improve it. The phrase ""probe key argument"" is a idiomatic expression that means to examine and develop a main point or argument, and the boss is encouraging Zhang Wei to do so.

Option (A) is incorrect because the boss's feedback is not praising the report, but rather pointing out its weaknesses. Option (B) is also incorrect because there is no indication that the boss is planning to send Zhang Wei abroad. Option (C) is not relevant to the conversation. Option (E) is incorrect because there is a correct answer, which is (D).",D,E,False
llama3:8b-instruct-q4_K_M,1,245,literal,chinese,"王芳问张伟暑假要去哪里度假，张伟回答说：

""我要去德国。""

请在以下选项中选择最恰当地表达上述话语含义的选项。
(A) 张伟打算暑假去德国。
(B) 张伟以前去过德国。
(C) 张伟和王芳打算一起去德国。
(D) 张伟还没有决定暑假去哪里度假。
(E) 没有正确答案。","正确答案是：(A) 张伟打算暑假去德国。

解释：在这个对话中，王芳问张伟暑假要去哪里度假，张伟回答说“我要去德国”，这明显表明张伟已经决定暑假要去德国，而不是说过德国还是说和王芳一起去德国。",A,A,True
llama3:8b-instruct-q4_K_M,1,247,literal,chinese,"张伟去服装店买一件T恤，张伟问店员：

""男式T恤在哪里？""

请在以下选项中选择最恰当地表达上述话语含义的选项。
(A) 张伟想知道男式T恤在哪里。
(B) 张伟没有女朋友。
(C) 张伟喜欢T恤衫。
(D) 现在的季节是夏天。
(E) 没有正确答案。","正确答案是 (A) 张伟想知道男式T恤在哪里。

张伟问店员“男式T恤在哪里？”，明显是想知道男式T恤的位置或存储地点，因此选项(A)是最恰当地表达上述话语含义的选项。",A,A,True
llama3:8b-instruct-q4_K_M,1,251,literal,chinese,"张伟和王芳来到一家餐馆吃饭。王芳看着菜单问张伟想吃什么，张伟回答说：

""披萨！""

请在以下选项中选择最恰当地表达上述话语含义的选项。
(A) 张伟想吃披萨。
(B) 王芳喜欢吃披萨。
(C) 张伟和王芳去的餐馆没有意大利面了。
(D) 张伟和王芳去的那家餐厅的披萨正在打折。
(E) 没有正确答案。","The correct answer is (A) 张伟想吃披萨。

In this conversation, 王芳 is asking 张伟 what he wants to eat, and 张伟 responds with ""披萨!"" which means ""I want to eat pizza!"" or ""I think pizza would be good!"" It's a direct answer to 王芳's question, indicating 张伟's preference for pizza.",A,A,True
llama3:8b-instruct-q4_K_M,1,252,literal,chinese,"放学后，张伟回到家之后发现妈妈不在家。张伟问哥哥：

""妈妈去哪了？""

请在以下选项中选择最恰当地表达上述话语含义的选项。
(A) 张伟想知道妈妈去了哪里。
(B) 张伟要求哥哥和他一起玩电脑游戏。
(C) 张伟昨天被妈妈骂了。
(D) 张伟的哥哥去度假了。
(E) 没有正确答案。","The correct answer is (A) 张伟想知道妈妈去了哪里。

In this sentence, 张伟 (Zhang Wei) is asking his brother (哥哥) where their mother is, indicating that he is curious about her whereabouts. The question ""妈妈去哪了"" (māma qù nǎ le) is a common way to ask someone where someone else has gone.",A,A,True
llama3:8b-instruct-q4_K_M,1,257,literal,chinese,"陈俊和张伟来到一家中餐馆，店员问陈俊和张伟想点什么，陈俊回答道：

""我要炸酱面。""

请在以下选项中选择最恰当地表达上述话语含义的选项。
(A) 这意味着陈俊不喜欢海鲜面。
(B) 陈俊想要点炸酱面。
(C) 这意味着陈俊想要点和张伟一样的菜。
(D) 这意味着张伟会点与陈俊不同的菜。
(E) 没有正确答案。","正确答案是(B) 陈俊想要点炸酱面。

在中文语境中，「我要」是一种表达「想点」的语法结构，「炸酱面」是陈俊想要点的菜。因此，陈俊回答「我要炸酱面」是指他想点炸酱面。",B,B,True
llama3:8b-instruct-q4_K_M,1,259,literal,chinese,"这学期张伟选了 ""德语概论 ""，他问上学期上""德语概论 ""的王芳，这门课成绩给的怎么样，王芳回答道：

""我其他课都考砸了，但《德语概论》我还是得了A+。""

请在以下选项中选择最恰当地表达上述话语含义的选项。
(A) 王芳确信张伟这学期在""德语概论""课上也会得 A+。
(B) 王芳在上学期的""德语概论""中获得了A+。
(C) 王芳试图说服张伟不要上""德语概论 ""课。
(D) 王芳上学期在另一门课程上也获得了A+。
(E) 没有正确答案。","正确答案是 (B) 王芳在上学期的""德语概论""中获得了A+。

王芳的回答是：""我其他课都考砸了，但《德语概论》我还是得了A+。""这里的""其他课""指的是王芳上学期其他的课程，她们都考砸了，但《德语概论》却是她唯一考了A+的课程。因此，王芳在上学期的""德语概论""中获得了A+。",B,B,True
llama3:8b-instruct-q4_K_M,1,263,literal,chinese,"采食主义者王芳问她的朋友张伟晚饭想吃什么，张伟说：

""晚上吃沙拉怎么样？""

请在以下选项中选择最恰当地表达上述话语含义的选项。
(A) 张伟在表达对采食主义者王芳的强烈不满。
(B) 张伟建议王芳今晚的晚餐吃沙拉。
(C) 张伟在暗示王芳他还不饿。
(D) 张伟对王芳表达吃肉有经济负担。
(E) 没有正确答案。","正确答案是 (B) 张伟建议王芳今晚的晚餐吃沙拉。

在这个句子中，张伟说 ""晚上吃沙拉怎么样？""，这是一种询问的语气，表明他建议王芳今晚吃沙拉，并没有其他特殊的含义。",B,B,True
llama3:8b-instruct-q4_K_M,1,264,literal,chinese,"张伟想知道乘坐复兴号高速列车从北京到上海需要多长时间，他问乘坐过复兴号列车的王芳，王芳回答说：

""虽然比一般动车贵，但速度确实快，北京到上海不到5个小时。""

请在以下选项中选择最恰当地表达上述话语含义的选项。
(A) 王芳建议人们不要乘坐复兴号列车，因为它很贵。
(B) 王芳告诉张伟乘坐复兴号列车从北京到上海不到5个小时。
(C) 王芳表示她打算今后继续乘坐复兴号列车。
(D) 王芳在劝张伟不要搬到上海。
(E) 没有正确答案。","正确答案是(B) 王芳告诉张伟乘坐复兴号列车从北京到上海不到5个小时。

王芳的回答中说""虽然比一般动车贵，但速度确实快，北京到上海不到5个小时""，这句话的意思是：虽然复兴号列车比一般动车贵，但是它的速度确实非常快，可以从北京到上海在不到5个小时内完成这段路程。王芳并没有表达任何反对或建议的意思，而是回答了张伟的问题，提供了乘坐复兴号列车的信息。",B,B,True
llama3:8b-instruct-q4_K_M,1,269,literal,chinese,"张伟和陈俊打算去济州岛旅行。陈俊认为他们应该租一辆车，并问张伟他会不会开车，张伟说：

""不，我不会开车。我还没有驾照。""

请在以下选项中选择最恰当地表达上述话语含义的选项。
(A) 张伟要求陈俊帮他开车。
(B) 张伟不同意陈俊租车的想法。
(C) 张伟目前不能开车。
(D) 张伟不喜欢开车。
(E) 没有正确答案。","正确答案是 (C) 张伟目前不能开车。

张伟说""I won't drive""，表明他不能开车，因为他还没有驾照，这是他目前的状态。",C,C,True
llama3:8b-instruct-q4_K_M,1,271,literal,chinese,"张伟出门匆忙，忘了带伞。出门后，突然下起了大雨，他看到附近的超市卖雨伞，张伟拿着雨伞走到店员面前说：

""这把伞多少钱？""

请在以下选项中选择最恰当地表达上述话语含义的选项。
(A) 张伟不相信超市卖雨伞。
(B) 张伟认为这把伞太贵了。
(C) 张伟正在询问雨伞的价格。
(D) 张伟想以雨伞为借口和店员交朋友。
(E) 没有正确答案。","The correct answer is (C) 张伟正在询问雨伞的价格。

The sentence ""这把伞多少钱？"" (This umbrella how much money?) is a common way to ask about the price of something in Chinese. Zhang Wei is asking the store clerk how much the umbrella costs, indicating that he is interested in buying it to replace the one he forgot to bring.",C,C,True
llama3:8b-instruct-q4_K_M,1,276,literal,chinese,"王芳和张伟口渴了，去便利店买饮料。当王芳问张伟想喝什么时，张伟回答说：

""我正纠结喝可乐还是零度可乐。""

请在以下选项中选择最恰当地表达上述话语含义的选项。
(A) 张伟现在想喝水。
(B) 比起可乐，张伟更喜欢零度可乐。
(C) 张伟不知道喝可乐还是零度可乐。
(D) 张伟平时不经常喝可乐。
(E) 没有正确答案。","正确答案是 (C) 张伟不知道喝可乐还是零度可乐。

在这个对话中，张伟说 ""我正纠结喝可乐还是零度可乐""，这句话表明张伟目前还没有确定要喝哪种饮料，正处于犹豫不决的状态中。因此，选项 (C) 是最恰当地表达上述话语含义的选项。",C,C,True
llama3:8b-instruct-q4_K_M,1,281,literal,chinese,"王芳和张伟来到海滩玩耍，但王芳拒绝下水。张伟问她为什么不下水，王芳回答说：

""因为我记得小时候掉进过水里，所以很怕水。""

请在以下选项中选择最恰当地表达上述话语含义的选项。
(A) 王芳希望张伟尽快下海。
(B) 与山相比，王芳更喜欢海边。
(C) 王芳因为来到了海边，很激动。
(D) 王芳害怕下海是因为童年不好的记忆。
(E) 没有正确答案。","正确答案是 (D) 王芳害怕下海是因为童年不好的记忆。

王芳的回答说：""因为我记得小时候掉进过水里，所以很怕水。""表明她害怕下水是因为童年的一些不良记忆，而不是因为其他原因。",D,D,True
llama3:8b-instruct-q4_K_M,1,283,literal,chinese,"王芳在书店里遇到了张伟。当张伟问她在看什么书时，王芳回答说：

""我最喜欢的作家新出了爱情小说，在看那个呢。""

请在以下选项中选择最恰当地表达上述话语含义的选项。
(A) 与爱情小说相比，王芳更喜欢推理小说。
(B) 王芳希望张伟给她推荐一本书。
(C) 王芳通常不喜欢看书。
(D) 王芳在书店里看她最喜欢的作家新写的一本爱情小说。
(E) 没有正确答案。","正确答案是 (D) 王芳在书店里看她最喜欢的作家新写的一本爱情小说。

解释：王芳说""I 最喜欢的作家新出了爱情小说，在看那个呢""，其中""I 最喜欢的作家""指的是王芳最喜欢的作家，新出了爱情小说是指这个作家最新出了一本爱情小说。然后她说""I 在看那个""，指的是她正在书店里看这个作家新出的爱情小说。",D,D,True
llama3:8b-instruct-q4_K_M,1,288,literal,chinese,"王芳和张伟打算一起做蛋糕。当他们去超市买材料时，王芳问张伟应该买什么，张伟回答道：

""我家里有面包和鲜奶油，所以我们只需要买一些装饰蛋糕的材料。""

请在以下选项中选择最恰当地表达上述话语含义的选项。
(A) 他们必须去面包店买蛋糕。
(B) 张伟认为他们应该先买面包。
(C) 因为张伟喜欢巧克力蛋糕，所以必须得买巧克力。
(D) 因为张伟有基本材料，他们只需要买装饰蛋糕的材料。
(E) 没有正确答案。王芳和张伟打算一起做蛋糕。","正确答案是 (D) 因为张伟有基本材料，他们只需要买装饰蛋糕的材料。

解释：张伟说「我家里有面包和鲜奶油」，表示他已经有了基本的蛋糕材料。因此，他和王芳只需要买一些装饰蛋糕的材料，就可以做蛋糕。选项 (D) 正确地表达了张伟的意思。",D,D,True
llama3:8b-instruct-q4_K_M,1,293,literal,chinese,"王芳问张伟是否看过新上映的电影，张伟回答道：

""我本来想和我女朋友一起去看的，但突然有事没看成。""

请在以下选项中选择最恰当地表达上述话语含义的选项。
(A) 张伟一个人去看了新电影。
(B) 张伟和女朋友吵架了。
(C) 张伟想和王芳一起去看新电影。
(D) 张伟委婉地表示不想和王芳一起看新片。
(E) 没有正确答案。","正确答案是 (E) 没有正确答案。

王芳问张伟是否看过新上映的电影，张伟回答道：“我本来想和我女朋友一起去看的，但突然有事没看成。”这里的“一起去看”指的是和女朋友一起去看电影，而不是和王芳一起去看电影。因此，选项(C) 是错误的。

张伟并没有说他一个人去看电影，也没有说他和女朋友吵架，所以选项(A) 和(B) 都是错误的。

张伟的回答是说他和女朋友一起想去看电影，但由于突然有事没看成，所以他没有看电影，也不是在委婉地表示不想和王芳一起看新片。因此，选项(D) 也不是正确的答案。",E,E,True
llama3:8b-instruct-q4_K_M,1,295,literal,chinese,"在乘坐公共汽车前往火车站的途中，张伟看到一位老妇人上了车，便从座位站起来说：

""奶奶，请坐这里。""

请在以下选项中选择最恰当地表达上述话语含义的选项。
(A) 张伟给爷爷让座。
(B) 张伟坐的座位是孕妇的座位。
(C) 奶奶拿着很重的东西，站不起来。
(D) 张伟更喜欢站着乘车。
(E) 没有正确答案。","正确答案是 (C) 奶奶拿着很重的东西，站不起来。

在乘坐公共汽车前往火车站的途中，张伟看到一位老妇人上了车，就从座位站起来说：「奶奶，请坐这里。」这句话的意思是，老妇人可能拿着很重的东西，站不起来，张伟出于礼貌和帮助的精神，让老妇人坐下。

选项(A) 错误，因为奶奶是老妇人，而不是爷爷。选项(B) 也错，因为没有证据表明座位是孕妇的座位。选项(D) 也错，因为张伟并没有表明他更喜欢站着乘车。选项(E) 错误，因为有正确答案是 (C)。",C,E,False
llama3:8b-instruct-q4_K_M,1,299,literal,chinese,"张伟在图书馆看书时遇到了王芳。王芳问他在看什么书，张伟回答说：

""我最近对艺术很感兴趣，所以我在读一本关于艺术评论的书。""

请在以下选项中选择最恰当地表达上述话语含义的选项。
(A) 张伟最近对音乐感兴趣，所以正在读一本关于音乐评论的书。
(B) 张伟非常喜欢小说。
(C) 张伟正在图书馆复习考试。
(D) 张伟想报考与艺术相关的专业。
(E) 没有正确答案。","正确答案是 (D) 张伟想报考与艺术相关的专业。

原话中说「张伟最近对艺术很感兴趣」，表明张伟对艺术产生了兴趣。后面说「所以我在读一本关于艺术评论的书」，表明他正在读艺术评论的书是因为对艺术产生了兴趣。因此，张伟可能想报考与艺术相关的专业。",D,E,False
llama3:8b-instruct-q4_K_M,1,300,literal,chinese,"张伟有两张音乐剧的票。他想和王芳一起去看，于是问她周末有什么安排，王芳回答说：

""我周末要和朋友去旅行。""

请在以下选项中选择最恰当地表达上述话语含义的选项。
(A) 王芳这个周末要和朋友一起去看电影。
(B) 王芳不喜欢音乐剧。
(C) 王芳今天想看音乐剧。
(D) 这个周末王芳要和其他朋友一起去看音乐剧。
(E) 没有正确答案。","正确答案是 (D) 这个周末王芳要和其他朋友一起去旅行。

解释：王芳回答说「我周末要和朋友去旅行」，这意味着她在周末有旅行计划，而不是和张伟一起看音乐剧。",D,E,False
